Ticker,Stock,Secteur,Pays,Bourse de valeurs,Devise de marché,Volume,Seuil,MIC,Symbole,Source,Raison
"MELI","MERCADOLIBRE INC","Biens de consommation cycliques","Etats-Unis","NASDAQ","USD","411066","500000","XNAS","MELI","MIC:XNAS","Volume 411066 < Seuil 500000"
"TDG","TRANSDIGM GROUP INC","Industries","Etats-Unis","New York Stock Exchange Inc.","USD","341646","350000","XNYS","TDG","MIC:XNYS","Volume 341646 < Seuil 350000"
"AZO","AUTOZONE INC","Biens de consommation cycliques","Etats-Unis","New York Stock Exchange Inc.","USD","302568","350000","XNYS","AZO","MIC:XNYS","Volume 302568 < Seuil 350000"
"GWW","WW GRAINGER INC","Industries","Etats-Unis","New York Stock Exchange Inc.","USD","291411","350000","XNYS","GWW","MIC:XNYS","Volume 291411 < Seuil 350000"
"TDY","TELEDYNE TECHNOLOGIES INC","Technologie de l'information","Etats-Unis","New York Stock Exchange Inc.","USD","343283","350000","XNYS","TDY","MIC:XNYS","Volume 343283 < Seuil 350000"
"FICO","FAIR ISAAC CORP","Technologie de l'information","Etats-Unis","New York Stock Exchange Inc.","USD","342495","350000","XNYS","FICO","MIC:XNYS","Volume 342495 < Seuil 350000"
"UTHR","UNITED THERAPEUTICS CORP","Santé","Etats-Unis","NASDAQ","USD","393483","500000","XNAS","UTHR","MIC:XNAS","Volume 393483 < Seuil 500000"
"MTD","METTLER TOLEDO INC","Santé","Etats-Unis","New York Stock Exchange Inc.","USD","163827","350000","XNYS","MTD","MIC:XNYS","Volume 163827 < Seuil 350000"
"CW","CURTISS WRIGHT CORP","Industries","Etats-Unis","New York Stock Exchange Inc.","USD","225069","350000","XNYS","CW","MIC:XNYS","Volume 225069 < Seuil 350000"
"MKL","MARKEL GROUP INC","Finance","Etats-Unis","New York Stock Exchange Inc.","USD","75922","350000","XNYS","MKL","MIC:XNYS","Volume 75922 < Seuil 350000"
"HOLX","HOLOGIC INC","Santé","Etats-Unis","NASDAQ","USD","0","500000","XNAS","HOLX","MIC:XNAS","Volume 0 < Seuil 500000"
"SNA","SNAP ON INC","Industries","Etats-Unis","New York Stock Exchange Inc.","USD","327997","350000","XNYS","SNA","MIC:XNYS","Volume 327997 < Seuil 350000"
"NVR","NVR INC","Biens de consommation cycliques","Etats-Unis","New York Stock Exchange Inc.","USD","23208","350000","XNYS","NVR","MIC:XNYS","Volume 23208 < Seuil 350000"
"PSTG","EVERPURE INC CLASS A","Technologie de l'information","Etats-Unis","New York Stock Exchange Inc.","USD","75","350000","XNYS","PSTG","MIC:XNYS","Volume 75 < Seuil 350000"
"RS","RELIANCE STEEL & ALUMINUM","Matériaux","Etats-Unis","New York Stock Exchange Inc.","USD","301552","350000","XNYS","RS","MIC:XNYS","Volume 301552 < Seuil 350000"
"NDSN","NORDSON CORP","Industries","Etats-Unis","NASDAQ","USD","356783","500000","XNAS","NDSN","MIC:XNAS","Volume 356783 < Seuil 500000"
"HEI.A","HEICO CORP CLASS A","Industries","Etats-Unis","New York Stock Exchange Inc.","USD","239211","350000","XNYS","HEI.A","MIC:XNYS","Volume 239211 < Seuil 350000"
"FCNCA","FIRST CITIZENS BANCSHARES INC CLAS","Finance","Etats-Unis","NASDAQ","USD","86653","500000","XNAS","FCNCA","MIC:XNAS","Volume 86653 < Seuil 500000"
"EG","EVEREST GROUP LTD","Finance","Etats-Unis","New York Stock Exchange Inc.","USD","340206","350000","XNYS","EG","MIC:XNYS","Volume 340206 < Seuil 350000"
"WSO","WATSCO INC","Industries","Etats-Unis","New York Stock Exchange Inc.","USD","330516","350000","XNYS","WSO","MIC:XNYS","Volume 330516 < Seuil 350000"
"ERIE","ERIE INDEMNITY CLASS A","Finance","Etats-Unis","NASDAQ","USD","234486","500000","XNAS","ERIE","MIC:XNAS","Volume 234486 < Seuil 500000"
"BP.","BP PLC","Energie","Royaume-Uni","London Stock Exchange","GBP","0","120000","XLON","BP.","MIC:XLON","Volume 0 < Seuil 120000"
"RR.","ROLLS-ROYCE HOLDINGS PLC","Industries","Royaume-Uni","London Stock Exchange","GBP","0","120000","XLON","RR.","MIC:XLON","Volume 0 < Seuil 120000"
"BA.","BAE SYSTEMS PLC","Industries","Royaume-Uni","London Stock Exchange","GBP","0","120000","XLON","BA.","MIC:XLON","Volume 0 < Seuil 120000"
"NG.","NATIONAL GRID PLC","Services publics","Royaume-Uni","London Stock Exchange","GBP","0","120000","XLON","NG.","MIC:XLON","Volume 0 < Seuil 120000"
"MUV2","MUENCHENER RUECKVERSICHERUNGS-GESE","Finance","Allemagne","Xetra","EUR","717","100000","XETR","MUV2","MIC:XETR","Volume 717 < Seuil 100000"
"EOAN","E.ON N","Services publics","Allemagne","Xetra","EUR","10173","100000","XETR","EOAN","MIC:XETR","Volume 10173 < Seuil 100000"
"DHL","DEUTSCHE POST AG","Industries","Allemagne","Xetra","EUR","4319","100000","XETR","DHL","MIC:XETR","Volume 4319 < Seuil 100000"
"DNB","DNB BANK","Finance","Norvège","Oslo Bors Asa","NOK","3607","30000","XOSL","DNB","MIC:XOSL","Volume 3607 < Seuil 30000"
"AV.","AVIVA PLC","Finance","Royaume-Uni","London Stock Exchange","GBP","0","120000","XLON","AV.","MIC:XLON","Volume 0 < Seuil 120000"
"KOG","KONGSBERG GRUPPEN","Industries","Norvège","Oslo Bors Asa","NOK","225","30000","XOSL","KOG","MIC:XOSL","Volume 225 < Seuil 30000"
"LISN","CHOCOLADEFABRIKEN LINDT & SPRUENGL","Biens de consommation de base","Suisse","SIX Swiss Exchange","CHF","136","20000","XSWX","LISN","MIC:XSWX","Volume 136 < Seuil 20000"
"NHY","NORSK HYDRO","Matériaux","Norvège","Oslo Bors Asa","NOK","0","30000","XOSL","NHY","MIC:XOSL","Volume 0 < Seuil 30000"
"SN.","SMITH AND NEPHEW PLC","Santé","Royaume-Uni","London Stock Exchange","GBP","0","120000","XLON","SN.","MIC:XLON","Volume 0 < Seuil 120000"
"LISP","CHOCOLADEFABRIKEN LINDT & SPRUENGL","Biens de consommation de base","Suisse","SIX Swiss Exchange","CHF","2645","20000","XSWX","LISP","MIC:XSWX","Volume 2645 < Seuil 20000"
"AKRBP","AKER BP","Energie","Norvège","Oslo Bors Asa","NOK","0","30000","XOSL","AKRBP","MIC:XOSL","Volume 0 < Seuil 30000"
"UU.","UNITED UTILITIES GROUP PLC","Services publics","Royaume-Uni","London Stock Exchange","GBP","0","120000","XLON","UU.","MIC:XLON","Volume 0 < Seuil 120000"
"YAR","YARA INTERNATIONAL","Matériaux","Norvège","Oslo Bors Asa","NOK","0","30000","XOSL","YAR","MIC:XOSL","Volume 0 < Seuil 30000"
"ORK","ORKLA","Biens de consommation de base","Norvège","Oslo Bors Asa","NOK","0","30000","XOSL","ORK","MIC:XOSL","Volume 0 < Seuil 30000"
"HOT","HOCHTIEF AG","Industries","Allemagne","Xetra","EUR","57976","100000","XETR","HOT","MIC:XETR","Volume 57976 < Seuil 100000"
"MOWI","MOWI","Biens de consommation de base","Norvège","Oslo Bors Asa","NOK","0","30000","XOSL","MOWI","MIC:XOSL","Volume 0 < Seuil 30000"
"HEN","HENKEL AG","Biens de consommation de base","Allemagne","Xetra","EUR","82512","100000","XETR","HEN","MIC:XETR","Volume 82512 < Seuil 100000"
"BARN","BARRY CALLEBAUT AG","Biens de consommation de base","Suisse","SIX Swiss Exchange","CHF","10062","20000","XSWX","BARN","MIC:XSWX","Volume 10062 < Seuil 20000"
"TUB","FINANCIERE DE TUBIZE SA","Santé","Belgique","Nyse Euronext - Euronext Brussels","EUR","15233","30000","XBRU","TUB","MIC:XBRU","Volume 15233 < Seuil 30000"
"LOTB","LOTUS BAKERIES NV","Biens de consommation de base","Belgique","Nyse Euronext - Euronext Brussels","EUR","719","30000","XBRU","LOTB","MIC:XBRU","Volume 719 < Seuil 30000"
"SRT3","SARTORIUS PREF AG","Santé","Allemagne","Xetra","EUR","87497","100000","XETR","SRT3","MIC:XETR","Volume 87497 < Seuil 100000"
"ANA","ACCIONA SA","Services publics","Espagne","Bolsa De Madrid","EUR","59731","80000","XMAD","ANA","MIC:XMAD","Volume 59731 < Seuil 80000"
"DIE","DIETEREN (D) SA","Biens de consommation cycliques","Belgique","Nyse Euronext - Euronext Brussels","EUR","90","30000","XBRU","DIE","MIC:XBRU","Volume 90 < Seuil 30000"
"SOF","SOFINA SA","Finance","Belgique","Nyse Euronext - Euronext Brussels","EUR","16825","30000","XBRU","SOF","MIC:XBRU","Volume 16825 < Seuil 30000"
"RAA","RATIONAL AG","Industries","Allemagne","Xetra","EUR","9752","100000","XETR","RAA","MIC:XETR","Volume 9752 < Seuil 100000"
"GJF","GJENSIDIGE FORSIKRING","Finance","Norvège","Oslo Bors Asa","NOK","0","30000","XOSL","GJF","MIC:XOSL","Volume 0 < Seuil 30000"
"0PDD","PDD HOLDINGS ADS INC","Biens de consommation cycliques","Chine","NASDAQ","USD","0","500000","XNAS","0PDD","MIC:XNAS","Volume 0 < Seuil 500000"
"0M&M","MAHINDRA AND MAHINDRA LTD","Biens de consommation cycliques","Inde","National Stock Exchange Of India","INR","0","50000","XNSE","0M&M","MIC:XNSE","Volume 0 < Seuil 50000"
"0TCS","TATA CONSULTANCY SERVICES LTD","Technologie de l'information","Inde","National Stock Exchange Of India","INR","0","50000","XNSE","0TCS","MIC:XNSE","Volume 0 < Seuil 50000"
"RIGD","RELIANCE INDUSTRIES GDR REPRESENTI 144A","Energie","Inde","London Stock Exchange","USD","49568","120000","XLON","RIGD","MIC:XLON","Volume 49568 < Seuil 120000"
"SBID","STATE BANK OF INDIA REG S INDIA GD","Finance","Inde","London Stock Exchange","USD","8802","120000","XLON","SBID","MIC:XLON","Volume 8802 < Seuil 120000"
"SHFL","SHRIRAM FINANCE LTD","Finance","Inde","National Stock Exchange Of India","INR","0","50000","XNSE","SHFL","MIC:XNSE","Volume 0 < Seuil 50000"
"0ICT","INTERNATIONAL CONTAINER TERMINAL S","Industries","Philippines","Philippine Stock Exchange Inc.","PHP","0","20000","XPHS","0ICT","MIC:XPHS","Volume 0 < Seuil 20000"
"207940","SAMSUNG BIOLOGICS LTD","Santé","Corée","Korea Exchange (Stock Market)","KRW","49159","100000","XKRX","207940","MIC:XKRX","Volume 49159 < Seuil 100000"
"LTOD","LARSEN AND TOUBRO SPONSORED GDR RE","Industries","Inde","London Stock Exchange","USD","22367","120000","XLON","LTOD","MIC:XLON","Volume 22367 < Seuil 120000"
"298040","HYOSUNG HEAVY INDUSTRIES CORP","Industries","Corée","Korea Exchange (Stock Market)","KRW","57127","100000","XKRX","298040","MIC:XKRX","Volume 57127 < Seuil 100000"
"7769","HONPRECISION INC","Technologie de l'information","Taïwan","Taiwan Stock Exchange","TWD","20720","60000","XTAI","7769","MIC:XTAI","Volume 20720 < Seuil 60000"
"0HAL","HINDUSTAN AERONAUTICS LTD","Industries","Inde","National Stock Exchange Of India","INR","14459","50000","XNSE","0HAL","MIC:XNSE","Volume 14459 < Seuil 50000"
"0TME","TENCENT MUSIC ENTERTAINMENT GROUP","La communication","Chine","New York Stock Exchange Inc.","USD","0","350000","XNYS","0TME","MIC:XNYS","Volume 0 < Seuil 350000"
"6446","PHARMAESSENTIA CORP","Santé","Taïwan","Taiwan Stock Exchange","TWD","0","60000","XTAI","6446","MIC:XTAI","Volume 0 < Seuil 60000"
"0TAL","TAL EDUCATION GROUP ADR REPTG","Biens de consommation cycliques","Chine","New York Stock Exchange Inc.","USD","0","350000","XNYS","0TAL","MIC:XNYS","Volume 0 < Seuil 350000"
"000150","DOOSAN CORP","Industries","Corée","Korea Exchange (Stock Market)","KRW","94934","100000","XKRX","000150","MIC:XKRX","Volume 94934 < Seuil 100000"
"3293","INTERNATIONAL GAMES SYSTEM LTD","La communication","Taïwan","Gretai Securities Market","TWD","1860","20000","ROCO","3293","MIC:ROCO","Volume 1860 < Seuil 20000"
"0DLF","DLF LTD","Immobilier","Inde","National Stock Exchange Of India","INR","0","50000","XNSE","0DLF","MIC:XNSE","Volume 0 < Seuil 50000"
"HLBANK","HONG LEONG BANK","Finance","Malaisie","Bursa Malaysia","MYR","0","30000","XKLS","HLBANK","MIC:XKLS","Volume 0 < Seuil 30000"
"0SRF","SRF LTD","Matériaux","Inde","National Stock Exchange Of India","INR","0","50000","XNSE","0SRF","MIC:XNSE","Volume 0 < Seuil 50000"
"0ABB","ABB INDIA LTD","Industries","Inde","National Stock Exchange Of India","INR","0","50000","XNSE","0ABB","MIC:XNSE","Volume 0 < Seuil 50000"
"0LTM","LTIMINDTREE LTD","Technologie de l'information","Inde","National Stock Exchange Of India","INR","0","50000","XNSE","0LTM","MIC:XNSE","Volume 0 < Seuil 50000"
"6488","GLOBALWAFERS LTD","Technologie de l'information","Taïwan","Gretai Securities Market","TWD","7630","20000","ROCO","6488","MIC:ROCO","Volume 7630 < Seuil 20000"
"003230","SAM YANG FOODS INC","Biens de consommation de base","Corée","Korea Exchange (Stock Market)","KRW","56788","100000","XKRX","003230","MIC:XKRX","Volume 56788 < Seuil 100000"
"0MRF","MRF LTD","Biens de consommation cycliques","Inde","National Stock Exchange Of India","INR","0","50000","XNSE","0MRF","MIC:XNSE","Volume 0 < Seuil 50000"
"0UPL","UPL LTD","Matériaux","Inde","National Stock Exchange Of India","INR","0","50000","XNSE","0UPL","MIC:XNSE","Volume 0 < Seuil 50000"
"0KLK","KUALA LUMPUR KEPONG","Biens de consommation de base","Malaisie","Bursa Malaysia","MYR","0","30000","XKLS","0KLK","MIC:XKLS","Volume 0 < Seuil 30000"
"0MER","MANILA ELECTRIC","Services publics","Philippines","Philippine Stock Exchange Inc.","PHP","0","20000","XPHS","0MER","MIC:XPHS","Volume 0 < Seuil 20000"
"0JSL","JINDAL STAINLESS LTD","Matériaux","Inde","National Stock Exchange Of India","INR","0","50000","XNSE","0JSL","MIC:XNSE","Volume 0 < Seuil 50000"
"0OIL","OIL INDIA LTD","Energie","Inde","National Stock Exchange Of India","INR","0","50000","XNSE","0OIL","MIC:XNSE","Volume 0 < Seuil 50000"
"BAJAJHLDNG","BAJAJ HOLDINGS AND INVESTMENT LTD","Finance","Inde","National Stock Exchange Of India","INR","45143","50000","XNSE","BAJAJHLDNG","MIC:XNSE","Volume 45143 < Seuil 50000"
"0126Z0","SAMSUNG EPIS HOLDINGS LTD","Santé","Corée","Korea Exchange (Stock Market)","KRW","63048","100000","XKRX","0126Z0","MIC:XKRX","Volume 63048 < Seuil 100000"
"0BSE","BSE LTD","Finance","Inde","National Stock Exchange Of India","INR","0","50000","XNSE","0BSE","MIC:XNSE","Volume 0 < Seuil 50000"
"SHREECEM","SHREE CEMENT LTD","Matériaux","Inde","National Stock Exchange Of India","INR","10067","50000","XNSE","SHREECEM","MIC:XNSE","Volume 10067 < Seuil 50000"
"BOSCHLTD","BOSCH LTD","Biens de consommation cycliques","Inde","National Stock Exchange Of India","INR","29944","50000","XNSE","BOSCHLTD","MIC:XNSE","Volume 29944 < Seuil 50000"
"PAGEIND","PAGE INDUSTRIES LTD","Biens de consommation cycliques","Inde","National Stock Exchange Of India","INR","38768","50000","XNSE","PAGEIND","MIC:XNSE","Volume 38768 < Seuil 50000"
"0TEL","PLDT INC","La communication","Philippines","Philippine Stock Exchange Inc.","PHP","0","20000","XPHS","0TEL","MIC:XPHS","Volume 0 < Seuil 20000"
"PETDAG","PETRONAS DAGANGAN","Biens de consommation cycliques","Malaisie","Bursa Malaysia","MYR","0","30000","XKLS","PETDAG","MIC:XKLS","Volume 0 < Seuil 30000"
"NESTLE","NESTLE MALAYSIA","Biens de consommation de base","Malaisie","Bursa Malaysia","MYR","0","30000","XKLS","NESTLE","MIC:XKLS","Volume 0 < Seuil 30000"