symbol,currency_base,currency_quote,exchange_used,exchange_normalized,last_close,last_datetime,ret_1d_pct,ret_7d_pct,ret_30d_pct,ret_90d_pct,ret_1y_pct,ret_ytd_pct,ret_6m_pct,vol_7d_annual_pct,vol_30d_annual_pct,sharpe_ratio,var_95_pct,atr14_pct,drawdown_90d_pct,tier1_listed,stale,data_points,coverage_ratio,enough_history_90d,enough_history_1y,return_type,returns_mode,include_today,ret_1y_suspect
"1000SATS/USD","SATS","US Dollar","Binance","binance","0.0000","2026-10-06","-1.19","-0.24","7.31","28.40","-68.64","-22.63","14.60","21.02","79.77","1.44","-5.32","7.35","21.72","true","false","425","1.000","true","true","simple","calendar","true","false"
"1INCH/USD","1inch","US Dollar","Binance","binance","0.1036","2026-10-06","-3.27","2.37","6.15","42.50","-60.85","-31.35","16.14","40.58","55.42","1.54","-5.67","5.25","10.45","true","false","425","1.000","true","true","simple","calendar","true","false"
"AAVE/EUR","Aave","Euro","Coinbase Pro","coinbase","160.0900","2026-10-06","-2.43","9.78","36.12","94.78","-36.77","26.49","98.60","78.43","82.73","4.92","-3.85","6.65","16.65","true","false","425","1.000","true","true","simple","calendar","true","false"
"AAVE/USD","Aave","US Dollar","Binance","binance","180.3400","2026-10-06","-2.03","9.11","31.76","91.34","-39.31","21.09","93.91","75.47","83.79","4.40","-4.69","6.72","15.50","true","false","425","1.000","true","true","simple","calendar","true","false"
"ACA/USD","Acala Token","US Dollar","Binance","binance","","","","","","","","","","","","","","","","true","","0","0","false","false","simple","calendar","true","false"
"ACH/USD","Alchemy Pay","US Dollar","Coinbase Pro","coinbase","0.0059","2026-10-06","-4.52","-2.03","9.84","29.36","-69.12","-25.10","0.53","53.87","77.87","1.81","-6.98","7.50","17.49","true","false","425","1.000","true","true","simple","calendar","true","false"
"ADA/EUR","Cardano","Euro","Binance","binance","0.2386","2026-10-06","-1.16","10.77","23.95","48.48","-67.87","-21.28","11.91","54.23","72.77","3.92","-5.55","6.17","15.13","true","false","425","1.000","true","true","simple","calendar","true","false"
"ADA/USD","Cardano","US Dollar","Binance","binance","0.2687","2026-10-06","-0.63","9.90","20.28","45.87","-69.17","-24.63","9.18","53.94","71.94","3.45","-6.25","6.40","15.89","true","false","425","1.000","true","true","simple","calendar","true","false"
"AERO/USD","Aerodrome Finance","US Dollar","Coinbase Pro","coinbase","0.8123","2026-10-06","-3.99","0.23","46.65","39.45","-30.90","72.81","161.56","80.76","118.51","4.48","-7.82","9.50","23.35","true","false","425","1.000","true","true","simple","calendar","true","false"
"AE/USD","Aeternity","US Dollar","Gate.io","gate.io","0.0058","2026-10-06","-3.92","-3.27","8.03","27.17","2.67","-10.59","-12.70","37.69","71.00","1.64","-5.00","4.04","41.71","false","false","425","1.000","true","true","simple","calendar","true","false"
"AKT/USD","Akash Network","US Dollar","Gate.io","gate.io","0.7607","2026-10-06","-0.76","18.38","32.34","19.61","-28.50","104.93","79.11","115.95","106.31","3.69","-6.46","8.33","29.59","false","false","425","1.000","true","true","simple","calendar","true","false"
"ALGO/USD","Algorand","US Dollar","Binance","binance","0.1233","2026-10-06","-3.37","-1.83","27.51","39.32","-46.23","2.58","3.96","57.10","94.07","3.58","-7.65","8.21","13.72","true","false","425","1.000","true","true","simple","calendar","true","false"
"ALICE/USD","MyNeighborAlice","US Dollar","Binance","binance","0.1896","2026-10-06","3.89","13.13","35.82","39.10","-47.75","9.47","73.79","236.85","132.60","3.43","-6.83","12.40","25.14","true","false","425","1.000","true","true","simple","calendar","true","false"
"ALPHA/USD","Alpha Finance Lab","US Dollar","Binance","binance","","","","","","","","","","","","","","","","true","","0","0","false","false","simple","calendar","true","false"
"ALPINE/USD","Alpine F1 Team Fan Token","US Dollar","Binance","binance","0.3720","2026-10-06","2.20","6.59","3.91","15.53","-77.59","-38.31","-7.69","16.72","43.73","1.23","-3.78","5.41","16.45","true","false","425","1.000","true","true","simple","calendar","true","false"
"AMPt/USD","Amp","US Dollar","Coinbase Pro","coinbase","0.0006","2026-10-06","-2.26","-2.68","37.33","38.24","-80.56","-71.07","-32.38","23.89","235.59","2.51","-5.34","12.76","24.52","true","false","425","1.000","true","true","simple","calendar","true","false"
"ANKR/USD","Ankr","US Dollar","Binance","binance","0.0049","2026-10-06","-3.74","1.24","11.64","32.16","-65.54","-25.11","-8.60","43.92","70.67","2.21","-5.87","5.58","15.21","true","false","425","1.000","true","true","simple","calendar","true","false"
"APE/USD","ApeCoin","US Dollar","Binance","binance","0.1580","2026-10-06","-3.60","6.33","10.72","14.49","-72.51","-26.03","89.90","94.89","92.76","1.76","-8.24","8.38","26.87","true","false","425","1.000","true","true","simple","calendar","true","false"
"API3/USD","API3","US Dollar","Binance","binance","0.3394","2026-10-06","7.30","19.34","43.03","43.87","-57.91","-24.78","23.55","75.58","69.05","6.64","-4.24","8.40","18.07","true","false","425","1.000","true","true","simple","calendar","true","false"
"APT/USD","Aptos","US Dollar","Binance","binance","0.8344","2026-10-06","-1.27","5.58","33.72","32.23","-84.20","-55.24","-0.55","49.24","113.40","3.63","-7.29","8.25","20.06","true","false","425","1.000","true","true","simple","calendar","true","false"
"ARB/USD","Arbitrum","US Dollar","Binance","binance","0.2020","2026-10-06","-2.93","-0.74","6.82","151.56","-55.78","0.45","115.58","41.22","139.89","1.20","-10.42","8.28","29.61","true","false","425","1.000","true","true","simple","calendar","true","false"
"ARPA/USD","ARPA Chain","US Dollar","Binance","binance","0.0121","2026-10-06","3.68","11.69","23.27","31.56","-43.71","-5.46","31.85","43.52","60.75","4.46","-4.51","5.94","9.76","true","false","425","1.000","true","true","simple","calendar","true","false"
"AR/USD","Arweave","US Dollar","Binance","binance","4.5410","2026-10-06","0.00","7.58","49.52","124.69","-25.44","20.77","176.89","59.90","171.10","3.59","-8.21","9.58","17.48","true","false","425","1.000","true","true","simple","calendar","true","false"
"ASTER/USDT","Aster","US Dollar","Binance","binance","0.7317","2026-10-06","-0.68","0.87","-7.03","14.69","","2.91","10.53","52.03","54.23","-1.41","-4.90","5.25","13.60","true","false","311","1.000","true","false","simple","calendar","true","false"
"ASTR/USD","Astar","US Dollar","Binance","binance","0.0075","2026-10-06","-1.98","1.19","13.91","42.65","-73.25","-26.33","2.17","34.39","74.71","2.45","-6.32","5.29","15.04","true","false","425","1.000","true","true","simple","calendar","true","false"
"ATA/USD","Automata Network","US Dollar","Binance","binance","","","","","","","","","","","","","","","","true","","0","0","false","false","simple","calendar","true","false"
"ATLAS/USD","Star Atlas","US Dollar","Gate.io","gate.io","","","","","","","","","","","","","","","","false","","0","0","false","false","simple","calendar","true","false"
"ATOM/EUR","Cosmos","Euro","Kraken","kraken","1.5876","2026-10-06","-1.47","4.18","15.61","13.48","-56.40","-9.65","7.77","52.99","87.81","2.41","-7.91","6.25","23.57","true","false","425","1.000","true","true","simple","calendar","true","false"
"ATOM/USD","Cosmos","US Dollar","Binance","binance","1.7880","2026-10-06","-1.32","3.71","11.96","11.54","-58.15","-13.58","4.99","54.01","89.28","1.95","-8.02","6.56","22.92","true","false","425","1.000","true","true","simple","calendar","true","false"
"AUDIO/EUR","Audius","Euro","BitStamp","bitstamp","","","","","","","","","","","","","","","","true","","0","0","false","false","simple","calendar","true","false"
"AUDIO/USD","Audius","US Dollar","Binance","binance","0.0164","2026-10-06","-2.55","5.79","22.85","19.64","-71.09","-44.43","-1.38","74.60","74.77","3.69","-5.96","13.45","14.26","true","false","425","1.000","true","true","simple","calendar","true","false"
"A/USDT","Vaulta","US Dollar","Binance","binance","0.1045","2026-10-06","2.75","8.40","29.65","41.03","-74.47","-36.20","32.45","51.76","89.52","3.94","-6.62","6.78","24.75","true","false","425","1.000","true","true","simple","calendar","true","false"
"AVAX/EUR","Avalanche","Euro","Binance","binance","10.2670","2026-10-06","3.19","1.81","50.70","69.45","-60.74","-11.19","32.99","48.04","110.13","5.04","-4.60","5.84","10.09","true","false","425","1.000","true","true","simple","calendar","true","false"
"AVAX/USD","Avalanche","US Dollar","Binance","binance","11.5600","2026-10-06","3.87","1.08","46.18","66.81","-62.23","-14.94","29.74","52.99","110.95","4.67","-4.78","6.23","10.00","true","false","425","1.000","true","true","simple","calendar","true","false"
"AXL/USD","Axelar","US Dollar","Binance","binance","0.0537","2026-10-06","-3.94","3.27","19.60","23.45","-83.19","-25.62","15.98","61.81","74.19","3.27","-5.92","7.13","17.26","true","false","425","1.000","true","true","simple","calendar","true","false"
"AXS/EUR","Axie Infinity","Euro","Kraken","kraken","1.1130","2026-10-06","-3.80","10.42","36.23","25.06","-43.39","50.41","16.06","131.73","95.62","4.38","-4.48","7.83","19.00","true","false","425","1.000","true","true","simple","calendar","true","false"
"AXS/USD","Axie Infinity","US Dollar","Binance","binance","1.2490","2026-10-06","-3.40","8.99","29.43","23.18","-45.91","43.40","13.24","128.09","93.01","3.81","-5.12","8.63","18.47","true","false","425","1.000","true","true","simple","calendar","true","false"
"BADGER/USD","Badger DAO","US Dollar","Coinbase Pro","coinbase","0.3287","2026-09-28","-3.04","-15.52","-12.35","-1.68","-64.27","-39.13","-7.25","68.31","66.39","-2.25","-4.26","8.58","19.83","true","true","425","1.000","true","true","simple","calendar","true","false"
"BAL/USD","Balancer","US Dollar","Coinbase Pro","coinbase","0.1340","2026-10-06","-1.33","0.83","20.18","43.32","-89.03","-77.58","-15.03","35.05","77.37","3.22","-4.11","8.84","26.85","true","false","425","1.000","true","true","simple","calendar","true","false"
"BAND/USD","Band Protocol","US Dollar","Binance","binance","0.2410","2026-10-06","5.33","10.15","24.81","38.74","-65.37","-29.53","16.43","42.66","72.64","4.05","-5.81","6.21","15.13","true","false","425","1.000","true","true","simple","calendar","true","false"
"BAT/EUR","Basic Attention Token","Euro","Kraken","kraken","0.0891","2026-10-06","-5.98","11.38","40.56","13.32","-30.05","-52.57","2.56","97.17","86.36","5.22","-6.10","7.04","36.25","true","false","425","1.000","true","true","simple","calendar","true","false"
"BAT/USD","Basic Attention Token","US Dollar","Binance","binance","0.1003","2026-10-06","-5.38","10.83","36.28","12.57","-32.18","-54.86","-0.20","94.14","88.42","4.68","-6.13","7.75","34.38","true","false","425","1.000","true","true","simple","calendar","true","false"
"BCDN/USD","BlockCDN","US Dollar","Gate.io","gate.io","","","","","","","","","","","","","","","","false","","0","0","false","false","simple","calendar","true","false"
"BCH/EUR","Bitcoin Cash","Euro","Binance","binance","279.2000","2026-10-06","-0.99","2.35","24.25","32.20","-45.35","-44.56","-25.94","29.74","124.57","2.65","-6.64","4.66","23.81","true","false","425","1.000","true","true","simple","calendar","true","false"
"BCH/USD","Bitcoin Cash","US Dollar","Binance","binance","314.5000","2026-10-06","-0.73","2.21","20.50","29.90","-47.48","-46.98","-27.72","23.25","122.97","2.37","-6.62","5.44","24.85","true","false","425","1.000","true","true","simple","calendar","true","false"
"BLAST/USD","Blast","US Dollar","Bybit","bybit","0.0001","2026-10-06","-10.19","-77.67","-67.58","-67.39","-95.36","-86.45","-78.54","568.18","319.28","-2.27","-41.02","73.34","80.52","true","false","425","1.000","true","true","simple","calendar","true","false"
"BLOK/USD","Bloktopia","US Dollar","KuCoin","kucoin","","","","","","","","","","","","","","","","true","","0","0","false","false","simple","calendar","true","false"
"BLUR/USD","Blur","US Dollar","Binance","binance","0.0207","2026-10-06","-2.13","5.46","17.20","-4.27","-73.24","-29.93","15.49","78.33","84.98","2.66","-5.90","7.82","31.59","true","false","425","1.000","true","true","simple","calendar","true","false"
"BLZE/USD","Bluzelle","US Dollar","Gate.io","gate.io","0.0106","2026-10-06","1.13","1.27","-8.75","38.51","-66.68","-29.60","10.21","40.49","64.17","-1.46","-5.04","12.76","43.67","false","false","425","1.000","true","true","simple","calendar","true","false"
"BNB/EUR","Binance Coin","Euro","Binance","binance","691.9800","2026-10-06","-1.30","3.49","6.70","35.18","-33.67","-5.78","33.01","25.98","35.73","2.33","-2.25","2.69","7.68","true","false","425","1.000","true","true","simple","calendar","true","false"
"BNB/USD","Binance Coin","US Dollar","Binance","binance","779.3600","2026-10-06","-0.90","2.73","3.50","32.99","-36.28","-9.84","29.87","25.08","33.98","1.34","-2.66","2.71","7.54","true","false","425","1.000","true","true","simple","calendar","true","false"
"BNT/USD","Bancor","US Dollar","OKEx","okx","0.3432","2026-10-06","-2.50","-1.89","3.97","23.81","-52.27","-16.60","18.75","31.27","45.26","1.22","-4.26","3.99","10.86","true","false","425","1.000","true","true","simple","calendar","true","false"
"BOME/USDT","BOOK OF MEME","US Dollar","Binance","binance","0.0010","2026-10-06","-3.53","-0.11","9.21","125.26","-44.15","67.27","164.26","72.97","78.66","1.72","-5.81","9.11","32.28","true","false","425","1.000","true","true","simple","calendar","true","false"
"BONK/USDT","Bonk","US Dollar","Binance","binance","0.0000","2026-10-06","-4.42","1.10","7.92","-16.55","-83.07","-55.18","-34.75","72.60","100.43","1.38","-7.62","9.72","46.52","true","false","425","1.000","true","true","simple","calendar","true","false"
"BRETT/USD","Brett","US Dollar","Bybit","bybit","0.0060","2026-10-06","1.67","6.49","7.49","5.31","-87.60","-59.96","-3.21","58.06","100.03","1.35","-8.48","8.71","31.63","true","false","425","1.000","true","true","simple","calendar","true","false"
"BSV/USD","Bitcoin SV","US Dollar","Huobi","huobi","20.0247","2026-10-06","-0.80","0.26","17.98","37.40","-29.70","13.14","28.12","22.43","75.69","2.99","-5.08","6.13","13.60","true","false","425","1.000","true","true","simple","calendar","true","false"
"BSW/USD","Biswap","US Dollar","Binance","binance","0.0112","2026-10-06","0.00","0.00","0.00","0.00","0.00","0.00","0.00","0.00","0.00","","","0.00","0.00","true","false","425","1.000","true","true","simple","calendar","true","false"
"BTC/EUR","Bitcoin","Euro","Binance","binance","76007.0100","2026-10-06","-0.62","3.07","9.83","35.86","-28.44","0.69","27.39","23.00","41.33","2.91","-2.05","2.32","6.91","true","false","425","1.000","true","true","simple","calendar","true","false"
"BTC/USD","Bitcoin","US Dollar","Binance","binance","85590.6900","2026-10-06","-0.21","2.30","6.53","33.65","-31.34","-3.66","24.31","20.59","38.06","2.15","-2.22","2.35","6.92","true","false","425","1.000","true","true","simple","calendar","true","false"
"BTS/USD","BitShares","US Dollar","Gate.io","gate.io","0.0014","2026-10-06","-1.29","-0.45","-15.49","24.71","6.57","21.86","37.82","39.90","67.25","-2.73","-4.76","5.89","17.02","false","false","425","1.000","true","true","simple","calendar","true","false"
"BTTN/USD","BitTorrent","US Dollar","Binance","binance","0.0000","2026-10-06","-2.63","-2.63","19.35","37.04","-40.32","-7.50","19.35","35.07","62.43","3.72","-5.13","4.83","7.69","true","false","425","1.000","true","true","simple","calendar","true","false"
"BTT/USD","BitTorrent (New)","US Dollar","Binance","binance","0.0000","2026-10-06","-2.63","-2.63","19.35","37.04","-40.32","-7.50","19.35","35.07","65.14","3.59","-5.26","4.83","7.69","true","false","425","1.000","true","true","simple","calendar","true","false"
"C98/USD","Coin98","US Dollar","Binance","binance","0.0178","2026-10-06","4.33","11.36","18.85","35.15","-72.13","-24.41","-21.75","53.03","75.32","3.14","-5.51","7.92","19.31","true","false","425","1.000","true","true","simple","calendar","true","false"
"CAKE/USD","PancakeSwap","US Dollar","Binance","binance","2.3760","2026-10-06","-3.65","-6.86","5.93","65.00","-37.04","19.64","67.21","38.19","70.77","1.31","-6.09","6.17","16.07","true","false","425","1.000","true","true","simple","calendar","true","false"
"CEEK/USD","CEEK VR","US Dollar","Gate.io","gate.io","","","","","","","","","","","","","","","","false","","0","0","false","false","simple","calendar","true","false"
"CELO/USD","Celo","US Dollar","Binance","binance","0.1027","2026-10-06","-2.68","2.73","28.18","47.06","-75.74","-11.60","23.02","37.85","65.12","4.94","-5.12","7.47","20.18","true","false","425","1.000","true","true","simple","calendar","true","false"
"CELR/USD","Celer Network","US Dollar","Binance","binance","0.0031","2026-10-06","-1.50","-2.40","35.29","63.06","-60.33","-20.24","28.80","31.38","175.01","2.78","-5.18","7.26","19.42","true","false","425","1.000","true","true","simple","calendar","true","false"
"CFX/USD","Conflux","US Dollar","Binance","binance","0.0546","2026-10-06","-0.69","0.05","9.29","21.98","-63.45","-26.89","10.46","33.89","58.75","2.09","-6.08","5.43","19.00","true","false","425","1.000","true","true","simple","calendar","true","false"
"CGLD/USD","Celo","US Dollar","Coinbase Pro","coinbase","0.1026","2026-10-06","-2.75","3.01","27.30","47.20","-75.69","-12.31","22.87","38.34","64.99","4.82","-3.94","7.25","20.14","true","false","425","1.000","true","true","simple","calendar","true","false"
"CHR/USD","Chromia","US Dollar","Binance","binance","0.0227","2026-10-06","1.61","2.07","39.09","50.63","-74.09","-47.45","30.46","59.74","113.12","4.06","-7.21","9.12","19.51","true","false","425","1.000","true","true","simple","calendar","true","false"
"CHZ/USD","Chiliz","US Dollar","Binance","binance","0.0166","2026-10-06","-2.47","2.60","18.23","-8.29","-62.52","-59.61","-55.69","39.72","67.37","3.33","-6.19","6.17","30.69","true","false","425","1.000","true","true","simple","calendar","true","false"
"CKB/USD","Nervos Network","US Dollar","Binance","binance","0.0013","2026-10-06","-2.87","0.61","17.78","39.62","-70.13","-46.53","-9.85","33.34","79.67","2.86","-6.48","6.47","12.84","true","false","425","1.000","true","true","simple","calendar","true","false"
"COMP/USD","Compound","US Dollar","Binance","binance","24.2800","2026-10-06","-3.07","-2.10","15.23","38.82","-44.72","-4.37","45.13","51.42","70.05","2.77","-3.93","6.65","12.98","true","false","425","1.000","true","true","simple","calendar","true","false"
"COOK/USD","Cook Finance","US Dollar","Gate.io","gate.io","0.0159","2025-02-10","0.34","-3.83","-47.26","-57.57","6894.83","-38.26","13471.17","79.21","110.33","-6.02","-13.72","11.11","62.37","false","true","425","1.000","true","true","simple","calendar","true","true"
"CORE/USD","Core","US Dollar","Bybit","bybit","0.0220","2026-10-06","-0.81","-4.05","0.05","-13.33","-94.50","-80.68","-21.09","32.40","61.91","0.28","-5.27","7.87","32.38","true","false","425","1.000","true","true","simple","calendar","true","false"
"CORE/USD","cVault.finance","US Dollar","Gate.io","gate.io","0.0220","2026-10-06","-1.01","-4.50","-0.17","-13.81","-94.51","-80.77","-21.34","32.86","63.98","0.25","-5.52","8.07","32.33","false","false","425","1.000","true","true","simple","calendar","true","false"
"COTI/USD","COTI","US Dollar","Binance","binance","0.0135","2026-10-06","-5.18","2.58","-20.17","58.55","-71.79","-38.00","1.88","58.23","208.45","-0.44","-16.09","9.47","48.32","true","false","425","1.000","true","true","simple","calendar","true","false"
"COVAL/USD","Circuits of Value","US Dollar","Gate.io","gate.io","","","","","","","","","","","","","","","","false","","0","0","false","false","simple","calendar","true","false"
"CRO/USD","Crypto.com Coin","US Dollar","Kucoin","kucoin","","","","","","","","","","","","","","","","true","","0","0","false","false","simple","calendar","true","false"
"CRV/EUR","Curve DAO Token","Euro","Coinbase Pro","coinbase","0.3240","2026-10-06","-2.56","-3.57","-1.58","71.61","-51.08","-3.20","79.40","55.90","73.46","0.07","-7.54","7.72","15.77","true","false","425","1.000","true","true","simple","calendar","true","false"
"CRV/USD","Curve DAO Token","US Dollar","Binance","binance","0.3640","2026-10-06","-2.44","-4.49","-4.79","68.60","-53.17","-7.50","74.75","58.30","75.43","-0.45","-7.83","8.21","16.27","true","false","425","1.000","true","true","simple","calendar","true","false"
"CRVUSD/USD","crvUSD","US Dollar","Gate.io","gate.io","0.9750","2026-10-06","-0.51","-0.18","-0.80","-3.51","-0.81","-1.67","0.96","27.27","14.39","-0.57","-1.57","4.89","3.51","false","false","425","1.000","true","true","simple","calendar","true","false"
"CSPR/USD","Casper","US Dollar","Huobi","huobi","0.0025","2026-10-06","-5.06","-7.87","-9.89","38.62","-72.95","-45.15","-13.27","51.84","68.55","-1.53","-6.04","6.55","29.17","true","false","425","1.000","true","true","simple","calendar","true","false"
"CTSI/USD","Cartesi","US Dollar","Binance","binance","0.0313","2026-10-06","3.74","9.93","21.43","32.35","-58.10","-5.89","-4.42","25.56","69.06","3.73","-5.42","5.56","23.06","true","false","425","1.000","true","true","simple","calendar","true","false"
"CVC/USD","Civic","US Dollar","Binance","binance","0.0310","2026-10-06","-1.21","3.68","45.70","47.43","-63.28","-27.71","3.23","51.40","153.79","3.62","-3.95","7.00","19.89","true","false","425","1.000","true","true","simple","calendar","true","false"
"CVX/USD","Convex Finance","US Dollar","Binance","binance","2.2320","2026-10-06","-1.37","2.06","-5.42","72.09","-39.76","30.07","30.45","66.34","74.41","-0.58","-6.58","7.37","25.24","true","false","425","1.000","true","true","simple","calendar","true","false"
"DASH/EUR","Dash","Euro","Kraken","kraken","49.5720","2026-10-06","-3.82","-8.17","-19.17","61.59","69.00","34.90","89.50","38.84","120.64","-1.58","-9.44","9.16","28.57","true","false","425","1.000","true","true","simple","calendar","true","false"
"DASH/USD","Dash","US Dollar","Binance","binance","55.9500","2026-10-06","-3.55","-7.99","-21.54","59.31","62.22","29.07","86.13","41.70","121.98","-1.84","-10.22","9.27","29.28","true","false","425","1.000","true","true","simple","calendar","true","false"
"DATA/USD","Streamr DATAcoin","US Dollar","Gate.io","gate.io","","","","","","","","","","","","","","","","false","","0","0","false","false","simple","calendar","true","false"
"DBC/USD","DeepBrain Chain","US Dollar","Gate.io","gate.io","0.0001","2026-10-06","-0.39","-18.10","-6.68","-73.97","-91.76","-69.23","-86.99","250.16","182.72","0.51","-22.16","15.81","84.14","false","false","425","1.000","true","true","simple","calendar","true","false"
"DCR/USD","Decred","US Dollar","Binance","binance","18.2900","2026-10-06","-1.45","1.44","10.11","63.16","-1.30","4.93","-8.55","28.93","83.33","1.79","-6.03","4.09","18.49","true","false","425","1.000","true","true","simple","calendar","true","false"
"DEGEN/USD","Degen","US Dollar","Bybit","bybit","0.0011","2026-10-06","-0.32","-2.65","-6.37","-33.12","-65.18","-5.18","56.11","16.76","50.00","-1.40","-3.63","4.78","40.96","true","false","425","1.000","true","true","simple","calendar","true","false"
"DENT/USD","Dent","US Dollar","Binance","binance","","","","","","","","","","","","","","","","true","","0","0","false","false","simple","calendar","true","false"
"DGB/USD","DigiByte","US Dollar","OKEx","okx","0.0042","2026-10-06","-1.92","-7.01","-18.97","55.37","-50.79","-30.31","-2.18","24.89","102.09","-2.01","-7.29","5.74","30.78","true","false","425","1.000","true","true","simple","calendar","true","false"
"DOGE/EUR","Dogecoin","Euro","Binance","binance","0.0830","2026-10-06","-2.36","0.34","6.17","24.03","-63.40","-22.97","5.81","34.30","76.78","1.28","-4.35","5.29","13.15","true","false","425","1.000","true","true","simple","calendar","true","false"
"DOGE/USD","Dogecoin","US Dollar","Binance","binance","0.0935","2026-10-06","-2.04","-0.45","2.80","21.93","-64.86","-26.30","3.16","33.45","74.22","0.77","-4.32","5.49","14.28","true","false","425","1.000","true","true","simple","calendar","true","false"
"DOGS/USDT","DOGS","US Dollar","Binance","binance","0.0000","2026-10-06","-0.65","-1.65","2.63","5.76","-62.52","12.89","74.13","14.03","82.72","0.76","-8.23","6.41","14.59","true","false","425","1.000","true","true","simple","calendar","true","false"
"DOT/USD","Dotcoin","US Dollar","Binance","binance","1.1990","2026-10-06","-2.52","0.50","22.47","35.48","-72.74","-40.02","-3.38","52.00","108.06","2.78","-9.60","7.55","24.16","true","false","425","1.000","true","true","simple","calendar","true","false"
"DPY/USD","Delphy","US Dollar","Gate.io","gate.io","","","","","","","","","","","","","","","","false","","0","0","false","false","simple","calendar","true","false"
"DUSK/USD","Dusk Network","US Dollar","Binance","binance","0.0855","2026-10-06","0.12","2.27","6.34","8.92","28.38","75.20","-23.25","69.53","92.86","1.23","-7.08","8.60","29.81","true","false","425","1.000","true","true","simple","calendar","true","false"
"DYDX/USD","dYdX","US Dollar","Binance","binance","0.1437","2026-10-06","-4.46","3.35","16.87","11.15","-77.16","-21.66","53.99","72.28","86.31","2.60","-7.14","8.17","25.81","true","false","425","1.000","true","true","simple","calendar","true","false"
"DYM/USD","Dymension","US Dollar","Binance","binance","0.0194","2026-10-06","-2.61","-1.12","24.57","18.04","-89.53","-72.45","-2.66","31.39","102.65","3.07","-7.54","9.44","18.20","true","false","425","1.000","true","true","simple","calendar","true","false"
"EGLD/EUR","Elrond","Euro","Binance","binance","4.0170","2026-10-06","-3.04","0.90","3.42","58.77","-66.41","-19.98","24.37","45.60","96.30","0.86","-6.68","5.66","27.43","true","false","425","1.000","true","true","simple","calendar","true","false"
"EGLD/USD","Elrond","US Dollar","Binance","binance","4.4600","2026-10-06","-2.87","-1.20","-1.15","53.79","-68.19","-24.66","19.89","26.36","96.36","0.29","-7.12","7.09","28.89","true","false","425","1.000","true","true","simple","calendar","true","false"
"ELF/USD","aelf","US Dollar","Huobi","huobi","0.0592","2026-10-06","2.25","-1.99","30.97","-9.34","-66.70","-31.48","-25.25","183.66","126.60","3.18","-7.98","13.56","32.36","true","false","425","1.000","true","true","simple","calendar","true","false"
"ELON/USD","Dogelon Mars","US Dollar","Kucoin","kucoin","","","","","","","","","","","","","","","","true","","0","0","false","false","simple","calendar","true","false"
"ENA/USD","Ethena","US Dollar","Binance","binance","0.2391","2026-10-06","-4.13","-3.74","35.70","204.97","-60.36","9.88","192.66","100.84","135.22","3.36","-6.81","10.74","22.76","true","false","425","1.000","true","true","simple","calendar","true","false"
"ENJ/USD","Enjin Coin","US Dollar","Binance","binance","0.0331","2026-10-06","-1.75","13.40","20.86","11.01","-47.82","12.40","68.00","94.09","72.65","3.50","-4.23","9.21","18.77","true","false","425","1.000","true","true","simple","calendar","true","false"
"ENS/USD","Ethereum Name Service","US Dollar","Binance","binance","6.7800","2026-10-06","-1.17","-3.83","8.83","59.15","-69.03","-30.82","20.86","19.28","70.71","1.77","-6.98","6.50","16.85","true","false","425","1.000","true","true","simple","calendar","true","false"
"ERG/USD","Ergo","US Dollar","Kucoin","kucoin","","","","","","","","","","","","","","","","true","","0","0","false","false","simple","calendar","true","false"
"ETC/EUR","Ethereum Classic","Euro","Coinbase Pro","coinbase","7.8090","2026-10-06","-2.62","-2.55","15.40","25.55","-54.23","-23.81","7.12","30.41","82.69","2.48","-6.82","6.03","16.81","true","false","425","1.000","true","true","simple","calendar","true","false"
"ETC/USD","Ethereum Classic","US Dollar","Binance","binance","8.8200","2026-10-06","-2.00","-2.97","12.21","24.05","-55.86","-26.87","4.75","26.70","79.24","2.13","-6.96","6.30","16.59","true","false","425","1.000","true","true","simple","calendar","true","false"
"ETH/EUR","Ethereum","Euro","Binance","binance","2395.0800","2026-10-06","-0.89","1.46","10.57","52.35","-39.99","-6.17","31.18","21.19","41.61","3.09","-1.98","2.64","6.68","true","false","425","1.000","true","true","simple","calendar","true","false"
"ETHFI/USD","ether.fi","US Dollar","Binance","binance","0.7764","2026-10-06","4.78","0.37","34.28","78.48","-57.34","5.06","75.66","85.96","108.06","3.84","-8.56","9.14","22.93","true","false","425","1.000","true","true","simple","calendar","true","false"
"ETH/USD","Ethereum","US Dollar","Binance","binance","2695.9300","2026-10-06","-0.52","0.67","7.22","49.90","-42.47","-10.26","27.95","18.91","39.73","2.27","-2.50","2.75","5.62","true","false","425","1.000","true","true","simple","calendar","true","false"
"EUL/USD","Euler","US Dollar","Gate.io","gate.io","1.5029","2026-10-06","3.88","6.43","12.73","43.35","-85.93","-52.08","63.96","52.90","61.97","2.62","-4.75","6.57","51.68","false","false","425","1.000","true","true","simple","calendar","true","false"
"EWT/USD","Energy Web Token","US Dollar","Kraken","kraken","0.3780","2026-10-06","-6.20","11.83","31.71","32.63","-66.31","-54.51","-29.21","155.12","102.68","3.74","-7.17","16.18","23.49","true","false","425","1.000","true","true","simple","calendar","true","false"
"FARTCOIN/USDT","Fartcoin","US Dollar","Gate.io","gate.io","0.1710","2026-10-06","-6.60","-4.74","-5.34","5.48","-76.96","-41.19","2.48","61.25","124.27","0.05","-12.20","10.42","36.49","false","false","425","1.000","true","true","simple","calendar","true","false"
"FET/USD","Fetch","US Dollar","Binance","binance","0.2393","2026-10-06","-6.01","7.55","36.66","39.53","-59.02","12.19","5.56","113.96","129.15","3.54","-7.44","10.38","25.18","true","false","425","1.000","true","true","simple","calendar","true","false"
"FIL/EUR","Filecoin","Euro","Coinbase Pro","coinbase","1.0340","2026-10-06","-2.02","10.28","49.86","49.86","-49.56","-17.94","39.73","99.87","125.06","4.54","-10.36","7.74","22.14","true","false","425","1.000","true","true","simple","calendar","true","false"
"FIL/USD","Filecoin","US Dollar","Binance","binance","1.1603","2026-10-06","-2.05","9.61","43.69","46.13","-51.79","-21.76","35.23","95.02","122.53","4.18","-10.34","8.32","19.90","true","false","425","1.000","true","true","simple","calendar","true","false"
"FINE/USD","Refinable","US Dollar","Gate.io","gate.io","","","","","","","","","","","","","","","","false","","0","0","false","false","simple","calendar","true","false"
"FITFI/USD","Step App","US Dollar","Huobi","huobi","","","","","","","","","","","","","","","","true","","0","0","false","false","simple","calendar","true","false"
"FLOKI/USDT","FLOKI","US Dollar","Binance","binance","0.0000","2026-10-06","-0.76","5.36","9.52","22.90","-71.80","-34.74","7.56","44.58","80.94","1.73","-5.53","6.74","20.05","true","false","425","1.000","true","true","simple","calendar","true","false"
"FLOW/USD","Flow","US Dollar","Binance","binance","0.0334","2026-10-06","3.95","9.04","13.02","18.81","-91.21","-60.21","8.02","49.78","77.32","2.27","-5.28","7.79","19.63","true","false","425","1.000","true","true","simple","calendar","true","false"
"FLUX/USD","Flux","US Dollar","Binance","binance","0.0884","2026-10-06","4.49","22.78","71.32","91.76","-55.42","-16.37","65.85","71.15","80.09","8.61","-6.59","7.34","16.63","true","false","425","1.000","true","true","simple","calendar","true","false"
"FTT/USD","FTX Token","US Dollar","Binance","binance","0.2585","2026-10-06","-0.62","2.99","16.18","11.57","-72.01","-45.51","-10.15","16.65","143.50","1.84","-4.18","5.73","17.17","true","false","425","1.000","true","true","simple","calendar","true","false"
"FUEL/USD","Etherparty","US Dollar","Gate.io","gate.io","0.0008","2026-10-06","0.60","-1.26","-3.45","4.87","-84.97","-55.28","-13.65","11.42","90.69","-0.03","-4.56","13.52","23.57","false","false","425","1.000","true","true","simple","calendar","true","false"
"FUN/USD","FunFair","US Dollar","Gate.io","gate.io","0.0211","2026-10-06","2.62","16.29","1.00","-7.41","138.49","987.49","-36.58","150.11","110.38","0.62","-6.72","9.99","46.28","false","false","425","1.000","true","true","simple","calendar","true","false"
"FXS/USD","Frax Share","US Dollar","Binance","binance","","","","","","","","","","","","","","","","true","","0","0","false","false","simple","calendar","true","false"
"GALA/USD","Gala","US Dollar","Binance","binance","0.0024","2026-10-06","-2.81","9.42","26.35","7.42","-85.30","-61.57","-15.78","149.50","113.25","3.04","-6.93","9.62","35.40","true","false","425","1.000","true","true","simple","calendar","true","false"
"GAS/USD","Gas","US Dollar","OKEx","okx","1.4100","2026-10-06","-2.04","0.07","13.38","29.62","-54.47","-31.09","-16.02","32.37","56.10","2.97","-5.01","4.69","15.78","true","false","425","1.000","true","true","simple","calendar","true","false"
"GIGA/USDT","Gigachad","US Dollar","Binance","binance","","","","","","","","","","","","","","","","true","","0","0","false","false","simple","calendar","true","false"
"GIGGLE/USDT","Giggle Fund","US Dollar","Binance","binance","38.3100","2026-10-06","0.21","3.23","-2.15","38.45","","-43.82","57.14","28.74","71.14","-0.05","-7.89","7.10","36.53","true","false","306","1.000","true","false","simple","calendar","true","false"
"GLMR/USD","Moonbeam","US Dollar","Binance","binance","0.0103","2026-10-06","-7.56","32.23","57.09","8.04","-83.09","-56.69","-1.31","393.12","201.10","3.58","-9.88","18.11","45.70","true","false","425","1.000","true","true","simple","calendar","true","false"
"GMTn/USD","STEPN","US Dollar","Binance","binance","0.0088","2026-10-06","-2.34","3.91","15.83","11.56","-78.21","-42.91","-13.67","38.28","70.43","2.86","-6.31","6.52","22.89","true","false","425","1.000","true","true","simple","calendar","true","false"
"GMX/USD","GMX","US Dollar","Crypto.com Exchange","crypto.comexchange","8.7310","2026-10-06","-0.55","10.05","9.32","45.66","-41.91","10.73","45.88","49.02","78.31","1.74","-6.56","4.48","15.90","false","false","425","1.000","true","true","simple","calendar","true","false"
"GMX/USD","GoldMaxCoin","US Dollar","Binance","binance","8.7900","2026-10-06","-0.34","11.97","10.98","47.73","-41.52","10.98","46.01","34.91","69.25","2.14","-6.18","5.37","16.25","true","false","425","1.000","true","true","simple","calendar","true","false"
"GNO/EUR","Gnosis","Euro","Kraken","kraken","106.2800","2026-10-06","-0.92","3.18","6.67","14.87","-20.91","-3.58","-0.67","71.44","67.46","1.46","-5.44","7.77","14.15","true","false","425","1.000","true","true","simple","calendar","true","false"
"GNO/USD","Gnosis","US Dollar","Binance","binance","120.7600","2026-10-06","-0.45","2.97","3.15","12.92","-23.22","-7.70","-0.11","24.14","29.43","1.36","-2.38","3.75","11.94","true","false","425","1.000","true","true","simple","calendar","true","false"
"GNS/USD","Gains Network","US Dollar","Binance","binance","0.4080","2026-10-06","-3.77","-15.53","-16.22","-35.14","-78.16","-64.49","-43.65","45.50","63.81","-3.09","-6.29","13.52","36.01","true","false","425","1.000","true","true","simple","calendar","true","false"
"GNT/USD","Golem","US Dollar","Huobi","huobi","0.1331","2026-10-06","3.26","6.91","18.42","26.40","-41.44","-41.65","5.63","26.16","59.95","3.70","-4.53","4.58","17.05","true","false","425","1.000","true","true","simple","calendar","true","false"
"GRIN/USD","Grin","US Dollar","Gate.io","gate.io","0.0135","2026-10-06","0.00","-12.03","24.54","-39.82","-68.35","-61.67","-68.08","61.74","155.29","2.42","-6.40","9.88","45.77","false","false","425","1.000","true","true","simple","calendar","true","false"
"GRT/EUR","The Graph","Euro","Binance","binance","","","","","","","","","","","","","","","","true","","0","0","false","false","simple","calendar","true","false"
"GRT/USD","The Graph","US Dollar","Binance","binance","0.0290","2026-10-06","-1.76","-0.51","47.84","57.88","-66.18","-19.40","22.47","50.23","142.06","3.99","-5.79","10.02","25.64","true","false","425","1.000","true","true","simple","calendar","true","false"
"GST/USD","Green Satoshi Token (SOL)","US Dollar","Coinbase Pro","coinbase","0.0011","2026-10-06","0.81","-0.89","-8.31","6.10","-75.73","-39.13","-32.40","44.16","55.06","-1.69","-4.20","5.24","22.51","true","false","425","1.000","true","true","simple","calendar","true","false"
"GTC/USD","Global Tour Coin","US Dollar","Gate.io","gate.io","","","","","","","","","","","","","","","","false","","0","0","false","false","simple","calendar","true","false"
"GT/USD","GateToken","US Dollar","Huobi","huobi","11.2548","2026-10-06","1.12","4.22","23.21","66.34","-34.09","8.46","73.28","30.82","47.01","5.60","-2.62","6.20","8.31","true","false","425","1.000","true","true","simple","calendar","true","false"
"HBAR/USD","Hedera Hashgraph","US Dollar","Binance","binance","0.0998","2026-10-06","-1.92","-2.60","22.21","35.97","-56.65","-12.76","14.13","35.96","130.48","2.46","-8.68","9.26","18.27","true","false","425","1.000","true","true","simple","calendar","true","false"
"HEROm/USD","Metahero","US Dollar","Gate.io","gate.io","0.0006","2026-10-06","-1.04","2.93","4.59","26.57","-46.90","-20.82","26.88","35.12","49.75","1.30","-4.91","3.16","9.00","false","false","425","1.000","true","true","simple","calendar","true","false"
"HMSTR/USDT","Hamster Kombat","US Dollar","Binance","binance","0.0002","2026-10-06","-0.70","1.13","-3.34","-56.57","-73.99","-22.45","24.53","18.07","56.30","-0.49","-6.36","4.74","27.84","true","false","425","1.000","true","true","simple","calendar","true","false"
"HNT/USD","Helium","US Dollar","Gate.io","gate.io","0.5217","2026-10-06","-2.03","8.96","-9.06","116.38","-80.07","-65.72","-47.26","157.29","130.49","-0.29","-10.34","10.94","47.13","false","false","425","1.000","true","true","simple","calendar","true","false"
"HOT/USD","Holo","US Dollar","Binance","binance","0.0005","2026-10-06","-1.30","2.25","17.62","28.61","-49.72","-9.92","15.23","23.81","55.44","3.80","-4.51","4.94","15.34","true","false","425","1.000","true","true","simple","calendar","true","false"
"HTR/USD","Hathor","US Dollar","KuCoin","kucoin","0.0081","2026-10-06","-7.79","4.01","163.07","198.15","-63.44","-32.86","68.06","159.09","441.60","4.09","-14.03","20.80","38.52","true","false","425","1.000","true","true","simple","calendar","true","false"
"HT/USD","Huobi Token","US Dollar","Gate.io","gate.io","0.1482","2026-10-06","2.94","-3.31","22.33","85.51","-65.10","-28.32","-17.83","43.52","92.80","3.07","-6.43","6.05","22.78","false","false","425","1.000","true","true","simple","calendar","true","false"
"ICP/USD","Internet Computer","US Dollar","Binance","binance","3.3910","2026-10-06","-5.54","-1.42","23.99","52.61","-26.55","12.96","47.63","74.66","84.16","3.50","-5.54","8.00","16.96","true","false","425","1.000","true","true","simple","calendar","true","false"
"ICX/USD","ICON","US Dollar","Binance","binance","","","","","","","","","","","","","","","","true","","0","0","false","false","simple","calendar","true","false"
"ILV/USD","Illuvium","US Dollar","Binance","binance","4.1100","2026-10-06","0.24","7.03","24.92","26.46","-73.19","-31.16","12.91","23.34","105.47","3.04","-6.82","7.00","13.84","true","false","425","1.000","true","true","simple","calendar","true","false"
"IMX/USD","Impact","US Dollar","Binance","binance","0.1868","2026-10-06","-0.53","13.14","41.30","29.01","-75.49","-27.03","38.58","31.75","95.74","4.85","-6.02","8.38","27.86","true","false","425","1.000","true","true","simple","calendar","true","false"
"INJ/USD","Injective Protocol","US Dollar","Binance","binance","8.1560","2026-10-06","6.18","7.10","53.54","69.28","-37.55","79.77","186.58","55.15","127.00","4.71","-5.02","7.28","23.67","true","false","425","1.000","true","true","simple","calendar","true","false"
"INK/USD","Ink","US Dollar","Gate.io","gate.io","","","","","","","","","","","","","","","","false","","0","0","false","false","simple","calendar","true","false"
"IOST/USD","IOST","US Dollar","Binance","binance","0.0008","2026-10-06","-2.98","-4.83","15.71","17.64","-73.33","-54.63","-21.50","36.36","478.61","2.03","-15.66","6.98","61.61","true","false","425","1.000","true","true","simple","calendar","true","false"
"IOTA/USD","IOTA","US Dollar","OKEx","okx","0.0579","2026-10-06","-0.46","10.83","36.84","52.84","-69.90","-31.77","0.59","70.70","92.77","4.56","-8.22","7.10","19.46","true","false","425","1.000","true","true","simple","calendar","true","false"
"IOT/USD","IOTA","US Dollar","Binance","binance","0.0577","2026-10-06","-0.86","10.54","36.41","52.24","-69.98","-32.04","0.17","71.85","92.68","4.53","-7.94","7.27","19.49","true","false","425","1.000","true","true","simple","calendar","true","false"
"IOTX/USD","IoTeX","US Dollar","Binance","binance","0.0039","2026-10-06","7.38","16.70","26.56","41.25","-83.70","-50.05","-12.03","53.02","104.23","3.25","-8.49","7.03","19.29","true","false","425","1.000","true","true","simple","calendar","true","false"
"JASMY/USD","JasmyCoin","US Dollar","Coinbase Pro","coinbase","0.0052","2026-10-06","-3.01","-2.09","15.99","12.69","-61.31","-12.86","-1.15","117.67","99.22","2.27","-6.48","9.90","27.35","true","false","425","1.000","true","true","simple","calendar","true","false"
"JOE/USD","JOE","US Dollar","Binance","binance","0.0416","2026-10-06","0.24","6.39","26.44","38.67","-75.24","-37.25","14.92","32.98","102.61","3.26","-8.49","8.10","19.16","true","false","425","1.000","true","true","simple","calendar","true","false"
"KAVA/EUR","Kava.io","Euro","Kraken","kraken","0.0611","2026-10-06","-0.16","1.33","33.41","54.68","-78.39","-8.40","37.00","9.71","84.97","4.55","-3.37","1.82","15.71","true","false","425","1.000","true","true","simple","calendar","true","false"
"KAVA/USD","Kava","US Dollar","Binance","binance","0.0684","2026-10-06","-0.49","-0.22","28.90","52.15","-79.36","-12.84","32.85","4.27","85.06","4.05","-2.85","2.35","15.74","true","false","425","1.000","true","true","simple","calendar","true","false"
"KEEP/USD","Keep Network","US Dollar","Kraken","kraken","0.0263","2026-10-06","-2.63","0.73","31.86","65.43","-64.99","-33.82","-8.93","84.73","152.45","2.90","-10.71","11.14","41.97","true","false","425","1.000","true","true","simple","calendar","true","false"
"KNC/USD","Kyber Network Crystal v2","US Dollar","Binance","binance","0.1457","2026-10-06","1.32","6.20","22.44","28.82","-57.48","-38.58","12.86","18.02","59.28","4.42","-4.97","4.86","11.07","true","false","425","1.000","true","true","simple","calendar","true","false"
"KP3R/USD","Keep3rV1","US Dollar","Gate.io","gate.io","","","","","","","","","","","","","","","","false","","0","0","false","false","simple","calendar","true","false"
"KSM/EUR","Kusama","Euro","Kraken","kraken","4.4300","2026-10-06","-5.14","3.50","33.43","45.72","-66.67","-31.10","25.50","67.86","78.24","4.86","-7.56","6.61","17.39","true","false","425","1.000","true","true","simple","calendar","true","false"
"KSM/USD","Kusama","US Dollar","Binance","binance","4.9800","2026-10-06","-4.96","3.11","28.68","43.10","-68.06","-34.21","22.06","69.96","78.30","4.29","-7.23","7.13","16.08","true","false","425","1.000","true","true","simple","calendar","true","false"
"LAZIO/USD","S.S. Lazio Fan Token","US Dollar","Binance","binance","0.4100","2026-10-06","6.22","0.74","5.40","6.22","-63.10","-60.04","-39.79","59.65","45.37","1.59","-3.34","6.52","18.02","true","false","425","1.000","true","true","simple","calendar","true","false"
"LDO/USD","Lido DAO","US Dollar","Binance","binance","0.4732","2026-10-06","0.32","1.37","13.42","68.34","-62.26","-22.13","53.09","64.40","110.07","1.91","-10.52","9.20","29.79","true","false","425","1.000","true","true","simple","calendar","true","false"
"LEOu/USD","UNUS SED LEO","US Dollar","Bitfinex","bitfinex","8.8916","2026-10-06","-0.26","-1.43","-4.87","-5.19","-8.23","-7.25","-12.20","18.39","16.95","-3.62","-1.87","1.24","10.21","false","false","425","1.000","true","true","simple","calendar","true","false"
"LINK/EUR","Chainlink","Euro","Binance","binance","12.3950","2026-10-06","0.38","-3.97","8.81","76.77","-37.74","15.63","62.45","39.87","76.24","1.69","-5.23","6.04","17.04","true","false","425","1.000","true","true","simple","calendar","true","false"
"LINK/USD","Chainlink","US Dollar","Binance","binance","13.9060","2026-10-06","0.38","-4.80","5.09","73.37","-40.50","10.37","57.84","44.25","77.56","1.12","-5.48","6.50","17.73","true","false","425","1.000","true","true","simple","calendar","true","false"
"LPT/USD","Livepeer","US Dollar","Binance","binance","1.7960","2026-10-06","1.24","5.90","24.29","10.73","-72.92","-40.49","-11.87","65.37","89.30","3.37","-6.29","7.82","26.91","true","false","425","1.000","true","true","simple","calendar","true","false"
"LRC/EUR","Loopring","Euro","Kraken","kraken","0.0090","2026-10-06","-2.20","-0.11","23.94","-17.68","-87.89","-79.12","-38.14","22.87","101.60","3.04","-9.85","8.78","52.89","true","false","425","1.000","true","true","simple","calendar","true","false"
"LRC/USD","Loopring","US Dollar","Binance","binance","","","","","","","","","","","","","","","","true","","0","0","false","false","simple","calendar","true","false"
"LSK/USD","Lisk","US Dollar","Binance","binance","0.2518","2026-10-06","-3.19","-15.64","141.65","180.71","-16.35","29.13","103.06","70.99","718.38","3.78","-16.60","18.19","68.10","true","false","425","1.000","true","true","simple","calendar","true","false"
"LTC/EUR","Litecoin","Euro","BitStamp","bitstamp","61.2440","2026-10-06","-1.99","4.02","29.37","56.36","-39.28","-9.94","32.02","29.19","72.86","4.62","-3.26","5.47","9.72","true","false","425","1.000","true","true","simple","calendar","true","false"
"LTC/USD","Litecoin","US Dollar","Binance","binance","68.8200","2026-10-06","-1.83","2.98","25.20","53.48","-41.84","-13.94","28.56","27.30","73.86","4.02","-3.48","5.71","9.84","true","false","425","1.000","true","true","simple","calendar","true","false"
"LUMIA/USD","Lumia","US Dollar","Binance","binance","0.0932","2026-10-06","4.72","5.67","12.02","-30.45","-68.08","-25.44","26.80","59.95","69.35","2.30","-5.76","6.38","46.71","true","false","425","1.000","true","true","simple","calendar","true","false"
"LUNAt/USD","Terra","US Dollar","Binance","binance","0.0511","2026-10-06","-0.58","0.39","7.81","2.82","-63.91","-45.93","-5.89","13.22","79.56","1.50","-5.22","5.05","17.59","true","false","425","1.000","true","true","simple","calendar","true","false"
"LUNC/USD","Terra Classic","US Dollar","Huobi","huobi","0.0001","2026-10-06","1.50","-1.72","1.50","-9.77","-5.07","28.94","43.62","74.41","67.65","0.57","-7.40","6.27","26.02","true","false","425","1.000","true","true","simple","calendar","true","false"
"MANA/EUR","Decentraland","Euro","Coinbase Pro","coinbase","0.0906","2026-10-06","-3.36","16.11","37.98","48.52","-68.97","-16.11","22.43","103.58","78.73","5.35","-5.32","7.41","15.38","true","false","425","1.000","true","true","simple","calendar","true","false"
"MANA/USD","Decentraland","US Dollar","Binance","binance","0.1018","2026-10-06","-3.23","15.03","32.55","46.26","-70.26","-20.78","19.48","103.05","77.02","4.81","-4.22","7.67","14.63","true","false","425","1.000","true","true","simple","calendar","true","false"
"MANTA/USD","Manta Network","US Dollar","Binance","binance","0.0691","2026-10-06","-1.10","1.95","11.08","11.19","-65.09","-12.58","13.51","32.76","62.04","2.33","-5.19","5.71","15.36","true","false","425","1.000","true","true","simple","calendar","true","false"
"MASK/USD","Mask Network","US Dollar","Binance","binance","0.4860","2026-10-06","-0.82","8.97","3.18","12.76","-62.47","-22.61","12.50","49.57","73.28","0.85","-7.86","5.72","18.12","true","false","425","1.000","true","true","simple","calendar","true","false"
"MBOX/USD","MOBOX","US Dollar","Binance","binance","0.0021","2026-10-06","0.00","0.00","0.00","0.00","-96.53","-93.38","-83.33","0.00","0.00","","","0.00","0.00","true","false","425","1.000","true","true","simple","calendar","true","false"
"MDT/USD","Measurable Data Token","US Dollar","Gate.io","gate.io","0.0072","2026-10-06","-1.41","-3.34","-25.59","134.30","-66.18","-46.85","-11.82","196.03","121.64","-2.40","-8.46","16.20","54.09","false","false","425","1.000","true","true","simple","calendar","true","false"
"MED/USD","Medibloc","US Dollar","Gate.io","gate.io","0.0017","2026-10-06","-2.97","-0.97","14.46","16.22","-64.00","-28.64","-19.46","30.01","120.29","1.89","-9.59","3.13","19.61","false","false","425","1.000","true","true","simple","calendar","true","false"
"MERL/USD","Merlin Chain","US Dollar","OKX","okx","0.0297","2026-10-06","-5.36","-0.24","27.23","48.87","-91.84","-89.63","28.27","117.98","105.01","3.28","-6.28","10.14","14.10","true","false","425","1.000","true","true","simple","calendar","true","false"
"METIS/USD","MetisDAO","US Dollar","Gate.io","gate.io","3.4230","2026-10-06","-0.26","0.74","-4.28","20.57","-75.93","-33.12","21.17","25.14","90.50","-0.17","-7.22","7.25","23.61","false","false","425","1.000","true","true","simple","calendar","true","false"
"MINA/USD","Mina","US Dollar","Binance","binance","0.1170","2026-10-06","-21.58","-17.14","50.58","128.52","-31.62","47.73","113.89","183.91","174.07","3.72","-15.31","13.53","28.31","true","false","425","1.000","true","true","simple","calendar","true","false"
"MNT/USD","Mantle","US Dollar","Bybit","bybit","0.5903","2026-10-06","-9.49","-11.27","-2.99","33.64","-76.16","-39.39","-9.89","90.06","78.26","-0.12","-5.61","6.53","15.34","true","false","425","1.000","true","true","simple","calendar","true","false"
"MOBI/USD","Mobius","US Dollar","Gate.io","gate.io","","","","","","","","","","","","","","","","false","","0","0","false","false","simple","calendar","true","false"
"MODE/USD","Mode","US Dollar","Gate.io","gate.io","0.0001","2026-10-06","-6.15","-9.53","42.47","37.12","-95.17","-86.14","-47.99","88.77","477.91","2.43","-13.72","39.21","41.81","false","false","425","1.000","true","true","simple","calendar","true","false"
"MOG/USDT","Mog Coin","US Dollar","Bybit","bybit","0.0000","2026-10-06","-2.05","1.70","6.42","6.04","-86.36","-51.84","-10.09","36.61","79.35","1.31","-6.08","6.84","25.52","true","false","425","1.000","true","true","simple","calendar","true","false"
"MORPHO/USD","Morpho","US Dollar","OKX","okx","2.6789","2026-10-06","-1.03","8.37","2.53","33.27","39.82","142.96","70.33","58.48","82.98","0.73","-5.27","7.63","28.28","true","false","425","1.000","true","true","simple","calendar","true","false"
"MOVR/USD","Moonriver","US Dollar","Kucoin","kucoin","","","","","","","","","","","","","","","","true","","0","0","false","false","simple","calendar","true","false"
"MTL/USD","Metal","US Dollar","Binance","binance","0.3164","2026-10-06","-2.01","-0.78","27.58","37.57","-51.69","-14.49","10.24","38.12","138.84","2.77","-12.70","6.15","19.74","true","false","425","1.000","true","true","simple","calendar","true","false"
"NANO/EUR","Nano","Euro","Kraken","kraken","0.3260","2026-10-06","1.65","1.79","-2.93","11.64","-56.98","-47.41","-15.71","39.76","73.95","-0.16","-8.55","5.35","36.97","true","false","425","1.000","true","true","simple","calendar","true","false"
"NEAR/USD","NEAR Protocol","US Dollar","Binance","binance","5.1250","2026-10-06","-3.19","4.89","110.13","149.63","68.09","215.00","310.66","127.57","147.40","6.87","-9.96","11.07","23.17","true","false","425","1.000","true","true","simple","calendar","true","false"
"NEON/USD","Neon EVM","US Dollar","Gate.io","gate.io","0.0184","2026-10-06","-12.31","-44.47","29.44","-3.52","-84.55","-67.73","-35.82","97.37","1160.29","2.47","-17.97","99.88","80.10","false","false","425","1.000","true","true","simple","calendar","true","false"
"NEO/USD","NEO","US Dollar","Binance","binance","2.5350","2026-10-06","-1.90","1.16","16.50","26.69","-60.00","-30.30","-6.80","20.94","67.59","3.05","-6.10","6.01","19.48","true","false","425","1.000","true","true","simple","calendar","true","false"
"NFT/USD","APENFT","US Dollar","Huobi","huobi","0.0000","2026-10-06","0.00","0.00","0.00","-11.11","-44.19","-31.43","-27.27","0.00","21.36","0.01","","0.00","17.86","true","false","425","1.000","true","true","simple","calendar","true","false"
"NKN/USD","NKN","US Dollar","Binance","binance","","","","","","","","","","","","","","","","true","","0","0","false","false","simple","calendar","true","false"
"NOT/USDT","Notcoin","US Dollar","Binance","binance","0.0005","2026-10-06","-1.80","0.62","5.83","16.11","-69.81","-14.04","41.62","30.92","71.32","1.29","-6.97","5.92","17.01","true","false","425","1.000","true","true","simple","calendar","true","false"
"NPC/USDT","Non-Playable Coin","US Dollar","Gate.io","gate.io","0.0237","2026-10-06","15.95","10.07","16.34","280.67","","142.78","240.51","128.02","118.60","2.11","-9.10","9.06","30.05","false","false","306","1.000","true","false","simple","calendar","true","false"
"OGN/USD","Origin Protocol","US Dollar","Binance","binance","0.0221","2026-10-06","0.27","10.18","16.89","29.81","-65.50","-27.84","6.41","50.10","61.92","3.34","-4.47","8.49","14.56","true","false","425","1.000","true","true","simple","calendar","true","false"
"OKB/USD","OKB","US Dollar","OKEx","okx","135.9100","2026-10-06","5.66","11.85","19.10","69.78","-40.12","23.32","65.16","52.78","43.57","5.06","-3.01","3.19","9.15","true","false","425","1.000","true","true","simple","calendar","true","false"
"OMG/EUR","OMG Network","Euro","Kraken","kraken","0.0430","2026-10-06","0.32","-10.14","11.19","11.02","-66.82","-36.67","-12.05","76.88","163.83","1.55","-12.03","7.44","25.78","true","false","425","1.000","true","true","simple","calendar","true","false"
"OMNI/USD","Omni","US Dollar","Bitfinex","bitfinex","","","","","","","","","","","","","","","","false","","0","0","false","false","simple","calendar","true","false"
"ONDO/USD","Ondo","US Dollar","Bybit","bybit","0.4904","2026-10-06","-1.76","-2.27","26.49","47.27","-49.05","26.72","91.64","21.14","129.56","2.78","-7.45","9.91","22.21","true","false","425","1.000","true","true","simple","calendar","true","false"
"ONE/USD","Harmony","US Dollar","Binance","binance","0.0023","2026-10-06","-2.37","-4.64","199.21","78.11","-78.10","-41.70","2.82","176.33","492.53","4.45","-20.08","19.70","53.62","true","false","425","1.000","true","true","simple","calendar","true","false"
"ONT/USD","Ontology","US Dollar","Huobi","huobi","0.0606","2026-10-06","-0.98","6.50","10.18","30.32","-52.25","-6.48","-29.78","38.25","57.27","2.30","-5.32","6.57","26.51","true","false","425","1.000","true","true","simple","calendar","true","false"
"OP/USD","Operand","US Dollar","Coinbase Pro","coinbase","0.1300","2026-10-06","-6.25","0.91","17.95","21.48","-82.85","-56.09","19.25","79.73","121.14","2.21","-8.76","9.32","22.97","true","false","425","1.000","true","true","simple","calendar","true","false"
"ORDI/USD","ORDI","US Dollar","Binance","binance","4.5780","2026-10-06","-0.65","-0.17","7.34","30.24","-47.98","1.37","96.14","32.69","77.73","1.46","-5.75","7.52","16.23","true","false","425","1.000","true","true","simple","calendar","true","false"
"OSMO/USD","Osmosis","US Dollar","Binance","binance","0.0353","2026-10-06","-3.02","-3.81","-1.94","-5.11","-79.46","-30.78","14.61","46.61","60.38","-0.14","-5.04","7.16","27.93","true","false","425","1.000","true","true","simple","calendar","true","false"
"OST/USD","Simple Token","US Dollar","Gate.io","gate.io","","","","","","","","","","","","","","","","false","","0","0","false","false","simple","calendar","true","false"
"OXT/EUR","Orchid","Euro","Kraken","kraken","0.0095","2026-10-06","-10.24","13.14","37.65","156.64","-78.53","-52.65","-28.69","137.60","255.19","2.54","-11.44","11.05","58.06","true","false","425","1.000","true","true","simple","calendar","true","false"
"OXT/USD","Orchid","US Dollar","Coinbase Pro","coinbase","0.0104","2026-10-06","-3.97","4.20","31.27","166.92","-79.71","-57.68","-29.66","129.10","288.75","2.21","-10.75","10.73","55.09","true","false","425","1.000","true","true","simple","calendar","true","false"
"PAXG/USD","PAX Gold","US Dollar","Binance","binance","4173.7100","2026-10-06","0.74","-0.44","-5.59","0.52","4.78","-4.34","-10.12","11.66","17.90","-3.93","-1.72","1.32","11.44","true","false","425","1.000","true","true","simple","calendar","true","false"
"pDOTn/EUR","Polkadot","Euro","Binance","binance","1.0680","2026-10-06","-2.47","1.52","26.99","38.16","-71.50","-37.14","-0.74","48.11","109.26","3.17","-8.95","7.14","23.67","true","false","425","1.000","true","true","simple","calendar","true","false"
"pDOTn/USD","Polkadot","US Dollar","Binance","binance","1.1990","2026-10-06","-2.52","0.50","22.47","35.48","-72.74","-40.02","-3.38","52.00","108.06","2.78","-9.60","7.55","24.16","true","false","425","1.000","true","true","simple","calendar","true","false"
"PENDLE/USD","Pendle","US Dollar","Binance","binance","2.3670","2026-10-06","-3.47","1.85","12.34","64.60","-52.81","16.49","133.43","41.81","95.89","1.91","-7.08","7.58","23.03","true","false","425","1.000","true","true","simple","calendar","true","false"
"PENGU/USDT","Pudgy Penguins","US Dollar","Binance","binance","0.0091","2026-10-06","-5.40","-8.29","3.93","35.01","-72.10","-3.54","46.07","75.21","101.50","0.92","-5.55","10.61","30.76","true","false","425","1.000","true","true","simple","calendar","true","false"
"PEOPLE/USD","ConstitutionDAO","US Dollar","Binance","binance","0.0088","2026-10-06","-1.12","-6.08","7.70","61.65","-51.59","-14.13","37.66","27.40","86.03","1.44","-6.84","7.95","35.15","true","false","425","1.000","true","true","simple","calendar","true","false"
"PEPE/USD","Pepe","US Dollar","Binance","binance","0.0000","2026-10-06","-2.96","0.00","16.71","56.04","-58.24","-13.41","28.31","52.53","103.88","2.28","-6.90","7.29","21.36","true","false","425","1.000","true","true","simple","calendar","true","false"
"PI/USD","Plian","US Dollar","Gate.io","gate.io","0.0873","2026-10-06","0.25","-3.37","-7.95","-22.86","-66.82","-57.44","-48.80","36.05","58.87","-1.46","-7.35","4.14","22.88","false","false","425","1.000","true","true","simple","calendar","true","false"
"PI/USDT","Pi","US Dollar","OKX","okx","0.0873","2026-10-06","0.20","-3.41","-8.00","-22.92","-66.83","-57.41","-48.79","35.06","58.94","-1.47","-7.45","4.29","22.94","true","false","425","1.000","true","true","simple","calendar","true","false"
"Pluton/USD","Pluton","US Dollar","Kraken","kraken","0.1495","2026-10-06","2.78","-0.37","4.64","25.03","-66.03","13.39","0.52","78.78","86.30","1.04","-6.86","12.33","17.42","true","false","425","1.000","true","true","simple","calendar","true","false"
"POLIS/USD","Star Atlas DAO","US Dollar","Gate.io","gate.io","","","","","","","","","","","","","","","","false","","0","0","false","false","simple","calendar","true","false"
"POL/USD","POL","US Dollar","Binance","binance","0.1073","2026-10-06","-1.65","-8.78","9.02","43.39","-57.04","0.95","19.23","49.19","78.15","1.70","-6.00","7.50","26.40","true","false","425","1.000","true","true","simple","calendar","true","false"
"POND/USD","Marlin","US Dollar","Binance","binance","0.0008","2026-10-06","0.00","0.00","0.00","-26.36","-89.95","-79.07","-64.00","0.00","0.00","","","0.00","0.00","true","false","425","1.000","true","true","simple","calendar","true","false"
"PORTO/USD","FC Porto Fan Token","US Dollar","Binance","binance","0.4590","2026-10-06","0.66","0.44","0.66","3.38","-60.57","-57.46","-52.73","10.73","35.71","0.34","-3.67","3.55","31.44","true","false","425","1.000","true","true","simple","calendar","true","false"
"POWR/USD","Power Ledger","US Dollar","Gate.io","gate.io","0.0654","2026-10-06","-2.62","-1.46","30.83","45.40","-56.95","-23.26","2.67","48.33","64.03","5.40","-3.41","5.97","19.37","false","false","425","1.000","true","true","simple","calendar","true","false"
"PUMP/USDT","Pump.fun","US Dollar","Binance","binance","0.0062","2026-10-06","-4.35","5.03","53.86","279.45","","193.13","268.59","148.17","149.80","4.21","-10.70","11.41","33.58","true","false","311","1.000","true","false","simple","calendar","true","false"
"PYR/USD","Vulcan Forged PYR","US Dollar","Binance","binance","0.0210","2026-09-10","0.00","0.00","-65.00","-88.14","-98.05","-95.57","-93.40","0.00","198.84","-5.10","-10.53","0.00","88.83","true","true","425","1.000","true","true","simple","calendar","true","false"
"PYTH/USD","Pyth Network","US Dollar","Binance","binance","0.0764","2026-10-06","-3.63","-2.93","35.94","67.82","-53.50","23.29","89.68","65.45","88.26","4.65","-5.94","8.50","24.51","true","false","425","1.000","true","true","simple","calendar","true","false"
"QKC/USD","QuarkChain","US Dollar","Gate.io","gate.io","0.0029","2026-10-06","3.39","5.03","28.93","41.86","-54.50","-28.69","-2.62","58.12","131.91","2.94","-9.95","8.21","16.91","false","false","425","1.000","true","true","simple","calendar","true","false"
"QNT/USD","Quant","US Dollar","Binance","binance","260.6900","2026-10-06","-0.81","-2.24","288.92","293.91","147.52","244.37","252.76","136.25","380.93","5.78","-14.51","21.02","19.01","true","false","425","1.000","true","true","simple","calendar","true","false"
"QSP/USD","Quantstamp","US Dollar","Gate.io","gate.io","","","","","","","","","","","","","","","","false","","0","0","false","false","simple","calendar","true","false"
"QTUM/EUR","Qtum","Euro","Kraken","kraken","0.8633","2026-10-06","-2.08","0.22","13.58","39.18","-55.68","-23.66","7.03","22.19","63.23","2.73","-3.53","4.08","12.67","true","false","425","1.000","true","true","simple","calendar","true","false"
"QTUM/USD","Qtum","US Dollar","Binance","binance","0.9730","2026-10-06","-2.31","0.21","10.19","37.24","-56.66","-27.28","4.85","35.05","67.43","2.05","-5.35","5.68","11.82","true","false","425","1.000","true","true","simple","calendar","true","false"
"QUICK/USD","QuickSwap","US Dollar","Binance","binance","0.0112","2026-10-06","4.49","6.18","25.51","43.21","-55.34","-0.53","15.04","64.74","74.44","4.04","-3.62","18.12","9.80","true","false","425","1.000","true","true","simple","calendar","true","false"
"RACA/USD","Radio Caca","US Dollar","Gate.io","gate.io","0.0000","2026-10-06","-1.18","-1.93","2.01","9.31","-74.82","-40.64","-16.13","13.86","30.61","0.88","-2.69","7.27","14.57","false","false","425","1.000","true","true","simple","calendar","true","false"
"RAD/USD","Radicle","US Dollar","Binance","binance","0.3200","2026-10-06","-6.98","26.48","33.89","46.79","-50.08","2.24","47.47","238.50","118.59","3.49","-3.86","9.24","18.12","true","false","425","1.000","true","true","simple","calendar","true","false"
"RARI/USD","RARI","US Dollar","Coinbase Pro","coinbase","0.1443","2026-10-06","-2.70","14.89","59.27","58.75","-83.12","-41.77","-0.41","282.79","280.55","3.10","-11.83","12.52","24.71","true","false","425","1.000","true","true","simple","calendar","true","false"
"RAY/USD","Raydium","US Dollar","Binance","binance","2.2317","2026-10-06","0.38","16.62","73.59","201.91","-24.73","128.19","264.66","72.35","152.20","5.16","-11.70","10.08","26.20","true","false","425","1.000","true","true","simple","calendar","true","false"
"RDNT/USD","Radiant Capital","US Dollar","Binance","binance","","","","","","","","","","","","","","","","true","","0","0","false","false","simple","calendar","true","false"
"RENDER/USD","Render Token","US Dollar","Binance","binance","2.1150","2026-10-06","2.42","10.79","35.32","30.88","-41.23","52.93","13.59","38.12","79.20","5.02","-5.11","6.77","19.91","true","false","425","1.000","true","true","simple","calendar","true","false"
"REP/EUR","Augur","Euro","Kraken","kraken","","","","","","","","","","","","","","","","true","","0","0","false","false","simple","calendar","true","false"
"REQ/USD","Request","US Dollar","Gate.io","gate.io","0.0561","2026-10-06","-0.14","-1.85","5.27","0.99","-56.89","-46.78","-13.13","38.86","46.26","1.53","-3.87","6.36","20.00","false","false","425","1.000","true","true","simple","calendar","true","false"
"RFR/USD","Refereum","US Dollar","Gate.io","gate.io","","","","","","","","","","","","","","","","false","","0","0","false","false","simple","calendar","true","false"
"RIF/USD","Rootstock Infrastructure Framework","US Dollar","Binance","binance","0.0822","2026-10-06","-1.08","-0.84","8.73","-36.18","44.21","131.55","138.95","56.79","56.65","2.04","-4.07","5.14","52.97","true","false","425","1.000","true","true","simple","calendar","true","false"
"RLC/USD","iExec RLC","US Dollar","Gate.io","gate.io","0.7710","2026-10-06","6.07","127.17","145.78","153.87","-30.87","17.87","82.74","706.84","353.00","4.22","-6.46","10.28","21.96","false","false","425","1.000","true","true","simple","calendar","true","false"
"RON/USD","Ronin","US Dollar","Binance","binance","0.0679","2026-10-06","-0.29","9.87","23.01","11.13","-86.23","-51.01","-19.83","39.78","108.49","2.85","-12.92","8.42","20.89","true","false","425","1.000","true","true","simple","calendar","true","false"
"ROSE/USD","Oasis Network","US Dollar","Binance","binance","0.0084","2026-10-06","0.36","-5.94","14.46","39.14","-68.82","-24.62","-12.42","52.54","80.28","2.41","-6.77","8.16","13.64","true","false","425","1.000","true","true","simple","calendar","true","false"
"RPL/USD","Rocket Pool","US Dollar","Binance","binance","1.8910","2026-10-06","-2.63","-3.52","7.93","2.77","-63.63","-7.30","9.31","23.49","65.40","1.70","-5.78","6.29","27.27","true","false","425","1.000","true","true","simple","calendar","true","false"
"RSR/USD","Reserve Rights","US Dollar","Binance","binance","0.0017","2026-10-06","-0.40","3.95","20.03","42.34","-73.14","-34.24","18.07","22.36","74.50","3.32","-6.81","7.07","14.32","true","false","425","1.000","true","true","simple","calendar","true","false"
"RUNE/USD","THORChain","US Dollar","Binance","binance","0.7600","2026-10-06","-2.81","1.06","54.79","88.59","-36.93","33.33","96.89","86.77","102.59","5.67","-4.68","8.32","10.82","true","false","425","1.000","true","true","simple","calendar","true","false"
"RVN/USD","Ravencoin","US Dollar","Binance","binance","0.0023","2026-10-06","-5.10","0.87","-24.48","-39.90","-81.42","-69.19","-59.12","59.45","105.44","-2.67","-7.22","7.55","48.40","true","false","425","1.000","true","true","simple","calendar","true","false"
"SAFE/USD","Safe","US Dollar","Bybit","bybit","0.1168","2026-10-06","-1.06","9.12","16.33","18.57","-69.43","-19.58","1.87","75.63","83.59","2.59","-7.44","8.08","29.83","true","false","425","1.000","true","true","simple","calendar","true","false"
"SAND/EUR","The Sandbox","Euro","BitStamp","bitstamp","0.0580","2026-10-06","-6.80","49.52","65.86","30.63","-76.66","-41.23","-22.57","375.94","200.44","3.89","-7.79","10.97","36.45","true","false","425","1.000","true","true","simple","calendar","true","false"
"SAND/USD","The Sandbox","US Dollar","Binance","binance","0.0661","2026-10-06","-5.37","51.03","63.72","31.20","-76.89","-43.54","-13.65","401.48","205.02","3.73","-8.04","11.58","32.29","true","false","425","1.000","true","true","simple","calendar","true","false"
"SANTOS/USD","Santos FC Fan Token","US Dollar","Binance","binance","0.5220","2026-10-06","-0.19","1.75","-2.25","-5.43","-74.72","-70.37","-49.32","21.08","40.92","-0.53","-4.29","3.89","19.34","true","false","425","1.000","true","true","simple","calendar","true","false"
"SC/EUR","Siacoin","Euro","Kraken","kraken","0.0010","2026-10-06","4.36","3.80","47.69","67.02","-58.23","-25.06","18.00","39.72","153.19","3.82","-7.78","8.15","28.49","true","false","425","1.000","true","true","simple","calendar","true","false"
"SCRTn/USD","Secret","US Dollar","Gate.io","gate.io","0.0087","2026-10-06","-2.39","3.85","20.44","-84.60","-95.90","-91.44","-90.07","56.35","85.27","3.04","-7.16","9.20","83.18","false","false","425","1.000","true","true","simple","calendar","true","false"
"SCR/USD","Scroll","US Dollar","Binance","binance","0.0265","2026-10-06","-4.75","12.30","22.48","-7.83","-90.87","-65.16","-38.46","127.23","90.70","3.15","-9.37","14.26","30.79","true","false","425","1.000","true","true","simple","calendar","true","false"
"SC/USD","Siacoin","US Dollar","Binance","binance","0.0011","2026-10-06","5.84","4.02","45.71","66.46","-59.58","-27.92","15.39","47.56","151.22","3.74","-7.73","10.08","28.04","true","false","425","1.000","true","true","simple","calendar","true","false"
"SDN/USD","Shiden Network","US Dollar","Gate.io","gate.io","","","","","","","","","","","","","","","","false","","0","0","false","false","simple","calendar","true","false"
"SEI/USD","Sei","US Dollar","Binance","binance","0.0721","2026-10-06","-2.59","-1.62","45.85","42.42","-76.06","-38.02","34.98","53.01","110.73","4.66","-5.69","8.55","22.76","true","false","425","1.000","true","true","simple","calendar","true","false"
"SFP/USD","SafePal","US Dollar","Binance","binance","0.2967","2026-10-06","-1.66","-0.44","3.38","30.99","-43.42","-9.71","0.07","38.58","61.77","0.92","-5.36","5.26","10.87","true","false","425","1.000","true","true","simple","calendar","true","false"
"SHIB/USD","SHIBA INU","US Dollar","Coinbase Pro","coinbase","0.0000","2026-10-06","-2.21","-0.17","3.98","30.68","-55.25","-22.82","-1.37","31.96","64.73","1.01","-5.35","5.28","17.36","true","false","425","1.000","true","true","simple","calendar","true","false"
"SKL/USD","SKALE Network","US Dollar","Binance","binance","0.0048","2026-10-06","-1.64","4.12","24.35","32.96","-80.73","-52.99","-22.20","30.27","81.43","3.62","-4.83","5.98","33.20","true","false","425","1.000","true","true","simple","calendar","true","false"
"SKM/USD","Skrumble Network","US Dollar","Gate.io","gate.io","","","","","","","","","","","","","","","","false","","0","0","false","false","simple","calendar","true","false"
"SLP/USD","Smooth Love Potion","US Dollar","Binance","binance","0.0007","2026-10-06","-2.44","3.03","1.49","29.03","-58.51","-14.03","19.09","49.79","60.16","0.56","-5.19","6.11","14.93","true","false","425","1.000","true","true","simple","calendar","true","false"
"SNX/EUR","Synthetix","Euro","Coinbase Pro","coinbase","0.2263","2026-10-06","0.23","0.73","15.03","16.04","-77.84","-40.46","-10.57","17.74","71.19","2.71","-5.36","7.19","23.26","true","false","425","1.000","true","true","simple","calendar","true","false"
"SNX/USD","Synthetix","US Dollar","Binance","binance","0.2536","2026-10-06","0.44","-0.31","10.98","13.72","-78.62","-43.39","-13.15","22.02","72.87","2.07","-6.16","7.76","22.36","true","false","425","1.000","true","true","simple","calendar","true","false"
"SOL/EUR","Solana","Euro","Binance","binance","107.4400","2026-10-06","-0.22","2.31","17.09","50.14","-45.73","-0.35","54.90","16.07","62.97","3.32","-2.76","3.64","10.40","true","false","425","1.000","true","true","simple","calendar","true","false"
"SOL/USD","Solana","US Dollar","Binance","binance","120.9700","2026-10-06","0.16","1.53","13.53","47.63","-47.94","-4.67","51.16","16.36","61.29","2.78","-3.02","3.74","11.23","true","false","425","1.000","true","true","simple","calendar","true","false"
"SONIC/USD","Sonic SVM","US Dollar","Bybit","bybit","0.0274","2026-10-06","-1.40","2.04","20.03","7.48","-84.74","-64.08","-24.92","30.64","88.14","2.92","-6.62","7.34","29.36","true","false","425","1.000","true","true","simple","calendar","true","false"
"SOON/USDT","SOON","US Dollar","Gate.io","gate.io","0.3286","2026-10-06","-3.53","-20.57","72.75","93.19","-56.51","-10.67","186.95","212.07","223.10","3.93","-12.73","19.90","38.06","false","false","425","1.000","true","true","simple","calendar","true","false"
"SOUL/USD","Phantasma","US Dollar","Gate.io","gate.io","0.0121","2026-10-06","6.24","-1.24","7.60","7.96","-50.36","-33.80","-20.58","122.42","99.44","1.35","-6.48","10.31","41.57","false","false","425","1.000","true","true","simple","calendar","true","false"
"SPELL/USD","Spell Token","US Dollar","Binance","binance","0.0001","2026-10-06","-0.81","0.72","14.25","10.01","-78.54","-60.94","-38.37","14.80","65.57","2.76","-4.19","6.58","17.70","true","false","425","1.000","true","true","simple","calendar","true","false"
"SPX/USDT","SPX6900","US Dollar","Bybit","bybit","0.4168","2026-10-06","-8.05","0.29","-27.83","2.58","-73.73","-17.22","51.67","97.91","108.17","-3.13","-9.28","9.25","31.76","true","false","425","1.000","true","true","simple","calendar","true","false"
"STARL/USD","Starlink","US Dollar","Gate.io","gate.io","","","","","","","","","","","","","","","","false","","0","0","false","false","simple","calendar","true","false"
"STETH/USD","Lido stETH","US Dollar","Bybit","bybit","2696.0400","2026-10-06","-0.51","0.66","7.25","49.89","-42.41","-10.26","27.83","18.04","39.67","2.29","-2.55","2.60","5.62","true","false","425","1.000","true","true","simple","calendar","true","false"
"STG/USD","Stargate Finance","US Dollar","Binance","binance","0.1840","2026-10-06","-1.66","28.40","7.35","3.55","-11.88","65.62","-9.00","117.82","109.84","1.30","-8.02","10.29","28.96","true","false","425","1.000","true","true","simple","calendar","true","false"
"STORJ/USD","Storj","US Dollar","Huobi","huobi","0.0302","2026-10-06","2.72","-0.98","0.33","-60.73","-87.17","-76.59","-68.48","29.38","396.02","1.29","-13.98","11.16","62.35","true","false","425","1.000","true","true","simple","calendar","true","false"
"STRK/USD","Starknet","US Dollar","Binance","binance","0.0511","2026-10-06","-3.31","22.02","60.09","62.74","-71.75","-37.99","56.75","222.55","227.09","3.44","-9.98","9.77","28.03","true","false","425","1.000","true","true","simple","calendar","true","false"
"STXk/USD","Blockstack","US Dollar","Binance","binance","0.3802","2026-10-06","0.26","19.97","41.23","122.08","-39.55","44.23","74.97","129.85","114.36","4.22","-8.28","8.90","30.23","true","false","425","1.000","true","true","simple","calendar","true","false"
"STX/USD","Stox","US Dollar","Gate.io","gate.io","0.3805","2026-10-06","0.32","20.03","41.34","121.35","-39.53","44.40","75.10","128.87","114.14","4.23","-8.25","8.81","30.23","false","false","425","1.000","true","true","simple","calendar","true","false"
"SUI/USD","Sui","US Dollar","Binance","binance","1.1811","2026-10-06","-2.69","2.48","45.49","57.52","-67.40","-19.77","35.63","43.40","114.50","4.52","-6.20","8.56","19.23","true","false","425","1.000","true","true","simple","calendar","true","false"
"SUPERf/USD","SuperFarm","US Dollar","Binance","binance","0.2385","2026-10-06","0.68","24.15","97.76","166.78","-61.16","12.45","101.44","151.39","110.57","8.08","-5.73","9.38","11.50","true","false","425","1.000","true","true","simple","calendar","true","false"
"S/USD","Sonic (prev. FTM)","US Dollar","Binance","binance","0.0435","2026-10-06","-0.32","15.76","40.57","63.23","-84.52","-46.03","8.12","145.93","135.43","3.68","-6.23","8.14","20.39","true","false","425","1.000","true","true","simple","calendar","true","false"
"SUSHI/USD","SushiSwap","US Dollar","Binance","binance","0.2516","2026-10-06","-1.02","-4.08","0.12","51.11","-65.59","-17.56","30.91","48.33","77.73","0.37","-7.80","7.74","18.52","true","false","425","1.000","true","true","simple","calendar","true","false"
"SWFTC/USD","SwftCoin","US Dollar","OKEx","okx","0.0031","2026-10-06","-3.29","-3.32","21.95","11.05","-63.23","-23.49","-8.15","38.17","58.30","4.39","-3.16","10.39","19.15","true","false","425","1.000","true","true","simple","calendar","true","false"
"SXP/USD","SXP","US Dollar","Binance","binance","","","","","","","","","","","","","","","","true","","0","0","false","false","simple","calendar","true","false"
"TAIKO/USD","Taiko","US Dollar","Bybit","bybit","0.0895","2026-10-06","-3.31","-0.35","8.76","1.68","-76.22","-47.05","-22.19","34.28","79.27","1.65","-6.49","8.04","23.92","true","false","425","1.000","true","true","simple","calendar","true","false"
"TAO/USD","Bittensor","US Dollar","Binance","binance","303.8000","2026-10-06","-0.69","1.03","14.34","41.57","-11.92","31.86","-2.91","50.99","106.38","2.00","-7.43","7.35","17.99","true","false","425","1.000","true","true","simple","calendar","true","false"
"TFUEL/USD","Theta Fuel","US Dollar","Binance","binance","0.0104","2026-10-06","-1.80","-1.70","8.35","29.43","-68.02","-41.95","-7.49","29.42","91.30","1.46","-6.89","8.26","15.44","true","false","425","1.000","true","true","simple","calendar","true","false"
"THETA/USD","Theta Network","US Dollar","Binance","binance","0.2372","2026-10-06","1.93","6.56","26.91","63.93","-69.39","-14.98","52.05","30.60","91.10","3.61","-7.63","6.57","18.96","true","false","425","1.000","true","true","simple","calendar","true","false"
"TIA/USD","Celestia","US Dollar","Binance","binance","0.4843","2026-10-06","1.30","9.87","9.42","26.42","-68.59","-2.77","69.22","56.50","124.15","1.45","-11.47","8.78","28.26","true","false","425","1.000","true","true","simple","calendar","true","false"
"TKO/USD","Toko Token","US Dollar","Binance","binance","0.0602","2026-10-06","0.00","2.56","12.31","27.27","-68.22","-29.01","15.55","33.87","53.25","2.88","-4.89","6.11","11.71","true","false","425","1.000","true","true","simple","calendar","true","false"
"TLM/USD","Alien Worlds","US Dollar","Binance","binance","0.0015","2026-10-06","-1.54","-0.07","5.51","-50.52","-66.18","-43.55","-4.25","50.84","67.79","1.26","-6.01","7.80","42.24","true","false","425","1.000","true","true","simple","calendar","true","false"
"TON/USD","Toncoin","US Dollar","Bybit","bybit","","","","","","","","","","","","","","","","true","","0","0","false","false","simple","calendar","true","false"
"TOSHI/USDT","Toshi","US Dollar","Bybit","bybit","0.0001","2026-10-06","-4.15","-0.66","-7.69","-0.91","-86.64","-58.93","-30.92","53.74","72.05","-1.03","-5.72","6.83","21.68","true","false","425","1.000","true","true","simple","calendar","true","false"
"TRIBE/USD","Tribe","US Dollar","Gate.io","gate.io","","","","","","","","","","","","","","","","false","","0","0","false","false","simple","calendar","true","false"
"TRUMP/USDT","OFFICIAL TRUMP","US Dollar","Binance","binance","2.0020","2026-10-06","-2.67","-1.18","-14.33","18.18","-74.82","-59.07","-29.56","40.73","80.40","-1.96","-8.85","7.47","31.21","true","false","425","1.000","true","true","simple","calendar","true","false"
"TRU/USD","TrueFi","US Dollar","Binance","binance","","","","","","","","","","","","","","","","true","","0","0","false","false","simple","calendar","true","false"
"TRX/USD","TRON","US Dollar","Binance","binance","0.3357","2026-10-06","-0.12","0.39","0.15","1.82","-3.00","16.93","6.07","9.42","12.39","0.04","-1.15","1.14","6.55","true","false","425","1.000","true","true","simple","calendar","true","false"
"TWT/USD","Trust Wallet Token","US Dollar","Binance","binance","0.5739","2026-10-06","-0.64","-3.98","-2.45","67.27","-63.57","-34.91","50.43","46.47","62.41","-0.21","-6.60","5.42","21.11","true","false","425","1.000","true","true","simple","calendar","true","false"
"UMA/USD","UMA","US Dollar","Binance","binance","0.4330","2026-10-06","0.46","6.39","9.07","11.31","-65.47","-40.68","7.18","51.29","67.01","1.87","-5.84","7.23","17.14","true","false","425","1.000","true","true","simple","calendar","true","false"
"UNIs/EUR","Uniswap","Euro","Kraken","kraken","7.5789","2026-10-06","-6.39","-3.27","20.54","172.73","6.36","53.48","182.16","51.93","119.64","2.45","-9.03","8.00","28.19","true","false","425","1.000","true","true","simple","calendar","true","false"
"UNIs/USD","Uniswap","US Dollar","Binance","binance","8.5300","2026-10-06","-6.09","-4.04","16.93","168.15","2.25","46.84","175.52","47.84","119.74","2.14","-9.02","8.31","27.79","true","false","425","1.000","true","true","simple","calendar","true","false"
"UNI/USD","Uniswap","US Dollar","Binance","binance","8.5440","2026-10-06","-5.93","-3.88","17.12","168.59","2.42","47.08","175.97","46.76","119.63","2.16","-9.02","8.31","27.79","true","false","425","1.000","true","true","simple","calendar","true","false"
"UOS/USD","Ultra","US Dollar","KuCoin","kucoin","0.0036","2026-10-06","0.79","-4.23","9.48","-4.87","-88.59","-59.93","-44.32","25.50","122.78","1.45","-5.71","12.10","29.36","true","false","425","1.000","true","true","simple","calendar","true","false"
"USTC/USD","TerraClassicUSD","US Dollar","Huobi","huobi","0.0057","2026-10-06","-2.08","-0.53","6.81","1.80","-50.87","-13.08","25.56","35.12","68.91","1.47","-5.54","10.99","17.93","true","false","425","1.000","true","true","simple","calendar","true","false"
"UTK/USD","Utrust","US Dollar","Binance","binance","","","","","","","","","","","","","","","","true","","0","0","false","false","simple","calendar","true","false"
"VET/EUR","VeChain","Euro","Binance","binance","0.0076","2026-10-06","-2.30","-1.24","25.43","76.43","-62.12","-18.85","23.58","40.34","93.59","3.38","-6.74","5.92","12.03","true","false","425","1.000","true","true","simple","calendar","true","false"
"VET/USD","VeChain","US Dollar","Binance","binance","0.0086","2026-10-06","-1.96","-1.86","21.40","72.73","-63.67","-22.43","20.34","35.13","94.52","2.93","-7.35","6.80","12.32","true","false","425","1.000","true","true","simple","calendar","true","false"
"VVS/USD","VVS Finance","US Dollar","Crypto.com Exchange","crypto.comexchange","","","","","","","","","","","","","","","","false","","0","0","false","false","simple","calendar","true","false"
"WAXP/USD","WAX","US Dollar","Binance","binance","0.0061","2026-10-06","-2.71","-0.81","33.19","43.53","-66.09","-23.27","-4.98","48.04","87.46","4.40","-6.75","7.31","15.62","true","false","425","1.000","true","true","simple","calendar","true","false"
"WEMIX/USD","WEMIX","US Dollar","Gate.io","gate.io","0.1929","2026-10-06","-0.05","-0.52","-2.53","-26.21","-71.90","-46.61","-20.32","6.04","23.50","-1.29","-1.67","1.87","33.56","false","false","425","1.000","true","true","simple","calendar","true","false"
"WIF/USDT","dogwifhat","US Dollar","Binance","binance","0.2438","2026-10-06","-2.95","1.41","12.51","42.24","-69.64","-19.00","36.97","37.93","111.61","1.77","-7.13","8.33","18.04","true","false","425","1.000","true","true","simple","calendar","true","false"
"WIN/USD","WINkLink","US Dollar","Binance","binance","0.0001","2026-10-06","2.48","10.61","44.26","147.48","-1.03","89.73","173.74","87.99","62.91","7.40","-5.66","7.21","12.41","true","false","425","1.000","true","true","simple","calendar","true","false"
"WLD/USD","Worldcoin","US Dollar","Binance","binance","0.5497","2026-10-06","-4.48","13.90","31.04","34.40","-57.93","5.64","126.11","133.40","132.74","3.11","-10.17","11.11","28.43","true","false","425","1.000","true","true","simple","calendar","true","false"
"WOO/USD","WOO Network","US Dollar","Huobi","huobi","0.0135","2026-10-06","-1.31","1.50","10.80","12.46","-81.93","-53.18","-19.12","43.70","81.26","1.90","-7.60","6.55","20.11","true","false","425","1.000","true","true","simple","calendar","true","false"
"XAUT/USD","Tether Gold","US Dollar","Bybit","bybit","4167.1000","2026-10-06","0.73","-0.42","-5.68","0.45","4.89","-4.35","-9.94","11.71","18.42","-3.88","-1.71","1.32","11.37","true","false","425","1.000","true","true","simple","calendar","true","false"
"XCH/USD","Chia Network","US Dollar","Huobi","huobi","1.5799","2026-10-06","-0.90","-0.77","6.20","-2.19","-82.37","-67.39","-31.15","47.41","76.80","1.29","-5.37","6.66","24.87","true","false","425","1.000","true","true","simple","calendar","true","false"
"XDB/USD","DigitalBits","US Dollar","KuCoin","kucoin","0.0001","2026-10-06","0.13","0.53","0.94","16.72","-84.64","-66.13","-27.64","79.85","113.22","0.58","-6.19","9.96","30.49","true","false","425","1.000","true","true","simple","calendar","true","false"
"XDC/USD","XDC Network","US Dollar","Kucoin","kucoin","","","","","","","","","","","","","","","","true","","0","0","false","false","simple","calendar","true","false"
"XEC/USD","eCash","US Dollar","Binance","binance","0.0000","2026-10-06","-3.07","-5.05","6.18","48.78","-58.25","-27.72","16.86","30.11","72.54","1.33","-5.41","6.30","31.96","true","false","425","1.000","true","true","simple","calendar","true","false"
"XLM/EUR","Stellar","Euro","Coinbase Pro","coinbase","0.1888","2026-10-06","-1.56","-3.84","17.20","8.02","-45.76","6.36","39.98","48.96","81.61","2.74","-6.00","6.44","20.46","true","false","425","1.000","true","true","simple","calendar","true","false"
"XLM/USD","Stellar","US Dollar","Binance","binance","0.2125","2026-10-06","-1.39","-4.41","13.21","6.20","-47.98","1.82","36.48","51.68","82.90","2.20","-6.52","6.67","19.41","true","false","425","1.000","true","true","simple","calendar","true","false"
"XMR/EUR","Monero","Euro","Kraken","kraken","493.7000","2026-10-06","-0.98","3.27","6.50","73.12","86.82","38.26","75.69","41.22","58.63","1.55","-3.65","3.73","9.71","true","false","425","1.000","true","true","simple","calendar","true","false"
"XPRT/USD","Persistence","US Dollar","Gate.io","gate.io","0.0029","2026-10-06","-51.43","-56.15","42.57","28.21","-90.12","-54.77","-36.95","415.53","386.88","2.88","-14.44","61.45","58.51","false","false","425","1.000","true","true","simple","calendar","true","false"
"XRP/EUR","XRP","Euro","BitStamp","bitstamp","1.3318","2026-10-06","-0.91","1.35","8.62","33.22","-47.72","-16.65","16.30","20.89","67.42","1.79","-4.13","4.63","14.51","true","false","425","1.000","true","true","simple","calendar","true","false"
"XRP/USD","XRP","US Dollar","Binance","binance","1.4992","2026-10-06","-0.56","0.58","5.32","30.93","-49.83","-20.25","13.47","20.25","67.27","1.23","-4.56","4.82","15.59","true","false","425","1.000","true","true","simple","calendar","true","false"
"XTZ/EUR","Tezos","Euro","Kraken","kraken","0.2950","2026-10-06","-1.82","7.34","42.33","35.36","-51.77","-31.65","-0.34","47.95","121.38","4.09","-6.15","5.29","18.48","true","false","425","1.000","true","true","simple","calendar","true","false"
"XTZ/USD","Tezos","US Dollar","Binance","binance","0.3330","2026-10-06","-1.07","6.73","38.35","33.68","-53.58","-34.36","-2.49","42.31","121.99","3.78","-6.51","5.52","17.47","true","false","425","1.000","true","true","simple","calendar","true","false"
"XVG/USD","Verge","US Dollar","Binance","binance","0.0031","2026-10-06","-2.42","-2.35","7.01","37.11","-59.64","-46.93","-29.72","54.50","92.24","1.32","-9.84","8.38","13.07","true","false","425","1.000","true","true","simple","calendar","true","false"
"XVS/USD","Venus","US Dollar","Binance","binance","3.3030","2026-10-06","-2.05","-2.28","-1.11","26.55","-50.11","-24.24","20.55","85.01","60.45","0.03","-4.28","6.26","11.68","true","false","425","1.000","true","true","simple","calendar","true","false"
"XYM/USD","Symbol","US Dollar","Gate.io","gate.io","0.0030","2026-10-06","-0.03","-4.84","-13.11","1.16","-50.41","-37.62","5.73","56.40","72.53","-2.03","-4.98","5.97","23.03","false","false","425","1.000","true","true","simple","calendar","true","false"
"YFI/USD","yearn.finance","US Dollar","Binance","binance","2529.0000","2026-10-06","-2.88","5.59","8.08","-6.26","-54.47","-23.94","2.89","49.49","54.71","1.96","-4.11","5.44","12.76","true","false","425","1.000","true","true","simple","calendar","true","false"
"YGG/USD","Yield Guild Games","US Dollar","Binance","binance","0.0279","2026-10-06","-2.99","6.97","13.35","19.16","-84.06","-58.44","-22.03","46.31","77.46","2.32","-7.07","6.96","22.13","true","false","425","1.000","true","true","simple","calendar","true","false"
"ZEC/EUR","Zcash","Euro","Kraken","kraken","1192.7530","2026-10-06","0.30","-4.62","12.81","202.07","788.20","166.99","447.26","61.54","135.77","1.70","-7.41","8.69","20.24","true","false","425","1.000","true","true","simple","calendar","true","true"
"ZEC/USD","Zcash","US Dollar","Binance","binance","1341.3100","2026-10-06","0.27","-5.37","9.26","196.29","760.03","154.97","433.24","65.49","135.58","1.42","-8.09","8.88","21.27","true","false","425","1.000","true","true","simple","calendar","true","true"
"ZIL/USD","Zilliqa","US Dollar","Binance","binance","0.0035","2026-10-06","-3.37","-0.31","20.09","13.00","-68.67","-30.50","-8.30","36.43","97.69","2.73","-7.00","6.32","25.63","true","false","425","1.000","true","true","simple","calendar","true","false"
"ZK/USD","zkSync","US Dollar","Binance","binance","0.0129","2026-10-06","0.00","7.39","14.93","19.39","-77.79","-58.16","-13.34","45.46","110.88","2.02","-6.85","8.36","32.11","true","false","425","1.000","true","true","simple","calendar","true","false"
"ZRC/USD","ZrCoin","US Dollar","Gate.io","gate.io","0.0011","2026-10-06","-3.27","-3.98","19.34","6.98","-95.00","-72.90","-26.16","51.43","294.56","1.74","-11.37","12.82","37.56","false","false","425","1.000","true","true","simple","calendar","true","false"
"ZRO/USD","LayerZero","US Dollar","Binance","binance","2.2520","2026-10-06","3.87","35.01","103.80","121.65","-7.02","75.25","27.02","113.53","112.44","8.29","-4.99","10.50","22.68","true","false","425","1.000","true","true","simple","calendar","true","false"
"ZRX/USD","0x","US Dollar","Binance","binance","0.1262","2026-10-06","-1.48","5.61","18.72","42.44","-50.99","-8.28","22.17","31.55","63.43","3.57","-4.25","5.74","16.44","true","false","425","1.000","true","true","simple","calendar","true","false"
"ZSC/USD","Zeusshield","US Dollar","Gate.io","gate.io","0.0000","2026-10-05","0.00","7.97","-31.72","-80.63","-69.42","-40.70","-81.19","124.10","204.09","-2.54","-21.35","11.14","84.83","false","false","425","1.000","true","true","simple","calendar","true","false"