symbol,currency_base,currency_quote,exchange_used,exchange_normalized,last_close,last_datetime,ret_1d_pct,ret_7d_pct,ret_30d_pct,ret_90d_pct,ret_1y_pct,ret_ytd_pct,ret_6m_pct,vol_7d_annual_pct,vol_30d_annual_pct,sharpe_ratio,var_95_pct,atr14_pct,drawdown_90d_pct,tier1_listed,stale,data_points,coverage_ratio,enough_history_90d,enough_history_1y,return_type,returns_mode,include_today,ret_1y_suspect,reason
"ACA/USD","Acala Token","US Dollar","Binance","binance","","","","","","","","","","","","","","","","true","","0","0","false","false","simple","calendar","true","false","thresholds"
"ALPHA/USD","Alpha Finance Lab","US Dollar","Binance","binance","","","","","","","","","","","","","","","","true","","0","0","false","false","simple","calendar","true","false","thresholds"
"ATA/USD","Automata Network","US Dollar","Binance","binance","","","","","","","","","","","","","","","","true","","0","0","false","false","simple","calendar","true","false","thresholds"
"ATLAS/USD","Star Atlas","US Dollar","Gate.io","gate.io","","","","","","","","","","","","","","","","false","","0","0","false","false","simple","calendar","true","false","thresholds"
"AUDIO/EUR","Audius","Euro","BitStamp","bitstamp","","","","","","","","","","","","","","","","true","","0","0","false","false","simple","calendar","true","false","thresholds"
"BCDN/USD","BlockCDN","US Dollar","Gate.io","gate.io","","","","","","","","","","","","","","","","false","","0","0","false","false","simple","calendar","true","false","thresholds"
"BLAST/USD","Blast","US Dollar","Bybit","bybit","0.0000","2026-10-08","-31.38","-89.88","-86.90","-84.15","-97.86","-94.05","-90.90","539.07","346.48","-4.84","-41.02","153.23","91.45","true","false","425","1.000","true","true","simple","calendar","true","false","thresholds"
"BLOK/USD","Bloktopia","US Dollar","KuCoin","kucoin","","","","","","","","","","","","","","","","true","","0","0","false","false","simple","calendar","true","false","thresholds"
"BSW/USD","Biswap","US Dollar","Binance","binance","0.0112","2026-10-08","0.00","0.00","0.00","0.00","0.00","0.00","0.00","0.00","0.00","","","0.00","0.00","true","false","425","1.000","true","true","simple","calendar","true","false","thresholds"
"CEEK/USD","CEEK VR","US Dollar","Gate.io","gate.io","","","","","","","","","","","","","","","","false","","0","0","false","false","simple","calendar","true","false","thresholds"
"COOK/USD","Cook Finance","US Dollar","Gate.io","gate.io","0.0159","2025-02-10","0.34","-3.83","-47.26","-57.57","6894.83","-38.26","13471.17","79.21","110.33","-6.02","-13.72","11.11","62.37","false","true","425","1.000","true","true","simple","calendar","true","true","suspect_return"
"COVAL/USD","Circuits of Value","US Dollar","Gate.io","gate.io","","","","","","","","","","","","","","","","false","","0","0","false","false","simple","calendar","true","false","thresholds"
"CRO/USD","Crypto.com Coin","US Dollar","Kucoin","kucoin","","","","","","","","","","","","","","","","true","","0","0","false","false","simple","calendar","true","false","thresholds"
"DATA/USD","Streamr DATAcoin","US Dollar","Gate.io","gate.io","","","","","","","","","","","","","","","","false","","0","0","false","false","simple","calendar","true","false","thresholds"
"DENT/USD","Dent","US Dollar","Binance","binance","","","","","","","","","","","","","","","","true","","0","0","false","false","simple","calendar","true","false","thresholds"
"DPY/USD","Delphy","US Dollar","Gate.io","gate.io","","","","","","","","","","","","","","","","false","","0","0","false","false","simple","calendar","true","false","thresholds"
"ELON/USD","Dogelon Mars","US Dollar","Kucoin","kucoin","","","","","","","","","","","","","","","","true","","0","0","false","false","simple","calendar","true","false","thresholds"
"ERG/USD","Ergo","US Dollar","Kucoin","kucoin","","","","","","","","","","","","","","","","true","","0","0","false","false","simple","calendar","true","false","thresholds"
"FINE/USD","Refinable","US Dollar","Gate.io","gate.io","","","","","","","","","","","","","","","","false","","0","0","false","false","simple","calendar","true","false","thresholds"
"FITFI/USD","Step App","US Dollar","Huobi","huobi","","","","","","","","","","","","","","","","true","","0","0","false","false","simple","calendar","true","false","thresholds"
"FXS/USD","Frax Share","US Dollar","Binance","binance","","","","","","","","","","","","","","","","true","","0","0","false","false","simple","calendar","true","false","thresholds"
"GIGA/USDT","Gigachad","US Dollar","Binance","binance","","","","","","","","","","","","","","","","true","","0","0","false","false","simple","calendar","true","false","thresholds"
"GRT/EUR","The Graph","Euro","Binance","binance","","","","","","","","","","","","","","","","true","","0","0","false","false","simple","calendar","true","false","thresholds"
"GTC/USD","Global Tour Coin","US Dollar","Gate.io","gate.io","","","","","","","","","","","","","","","","false","","0","0","false","false","simple","calendar","true","false","thresholds"
"ICX/USD","ICON","US Dollar","Binance","binance","","","","","","","","","","","","","","","","true","","0","0","false","false","simple","calendar","true","false","thresholds"
"INK/USD","Ink","US Dollar","Gate.io","gate.io","","","","","","","","","","","","","","","","false","","0","0","false","false","simple","calendar","true","false","thresholds"
"KP3R/USD","Keep3rV1","US Dollar","Gate.io","gate.io","","","","","","","","","","","","","","","","false","","0","0","false","false","simple","calendar","true","false","thresholds"
"LRC/USD","Loopring","US Dollar","Binance","binance","","","","","","","","","","","","","","","","true","","0","0","false","false","simple","calendar","true","false","thresholds"
"LSK/USD","Lisk","US Dollar","Binance","binance","0.2388","2026-10-08","1.27","-20.56","130.06","171.36","-17.08","22.46","86.56","49.97","719.30","3.69","-16.60","13.97","70.13","true","false","425","1.000","true","true","simple","calendar","true","false","thresholds"
"MBOX/USD","MOBOX","US Dollar","Binance","binance","0.0021","2026-10-08","0.00","0.00","0.00","0.00","-96.62","-93.38","-83.46","0.00","0.00","","","0.00","0.00","true","false","425","1.000","true","true","simple","calendar","true","false","thresholds"
"MOBI/USD","Mobius","US Dollar","Gate.io","gate.io","","","","","","","","","","","","","","","","false","","0","0","false","false","simple","calendar","true","false","thresholds"
"MODE/USD","Mode","US Dollar","Gate.io","gate.io","0.0001","2026-10-08","-3.32","24.13","91.85","127.15","-92.11","-80.46","-25.30","355.18","501.31","3.23","-13.72","33.36","41.84","false","false","425","1.000","true","true","simple","calendar","true","false","thresholds"
"MOVR/USD","Moonriver","US Dollar","Kucoin","kucoin","","","","","","","","","","","","","","","","true","","0","0","false","false","simple","calendar","true","false","thresholds"
"NEON/USD","Neon EVM","US Dollar","Gate.io","gate.io","0.0147","2026-10-08","-7.35","-44.84","3.37","-20.88","-86.86","-74.12","-48.87","103.58","1163.28","2.24","-17.97","71.14","84.04","false","false","425","1.000","true","true","simple","calendar","true","false","thresholds"
"NKN/USD","NKN","US Dollar","Binance","binance","","","","","","","","","","","","","","","","true","","0","0","false","false","simple","calendar","true","false","thresholds"
"OMNI/USD","Omni","US Dollar","Bitfinex","bitfinex","","","","","","","","","","","","","","","","false","","0","0","false","false","simple","calendar","true","false","thresholds"
"OST/USD","Simple Token","US Dollar","Gate.io","gate.io","","","","","","","","","","","","","","","","false","","0","0","false","false","simple","calendar","true","false","thresholds"
"POLIS/USD","Star Atlas DAO","US Dollar","Gate.io","gate.io","","","","","","","","","","","","","","","","false","","0","0","false","false","simple","calendar","true","false","thresholds"
"POND/USD","Marlin","US Dollar","Binance","binance","0.0008","2026-10-08","0.00","0.00","0.00","-19.80","-89.69","-79.07","-63.68","0.00","0.00","","","0.00","0.00","true","false","425","1.000","true","true","simple","calendar","true","false","thresholds"
"QSP/USD","Quantstamp","US Dollar","Gate.io","gate.io","","","","","","","","","","","","","","","","false","","0","0","false","false","simple","calendar","true","false","thresholds"
"RDNT/USD","Radiant Capital","US Dollar","Binance","binance","","","","","","","","","","","","","","","","true","","0","0","false","false","simple","calendar","true","false","thresholds"
"REP/EUR","Augur","Euro","Kraken","kraken","","","","","","","","","","","","","","","","true","","0","0","false","false","simple","calendar","true","false","thresholds"
"RFR/USD","Refereum","US Dollar","Gate.io","gate.io","","","","","","","","","","","","","","","","false","","0","0","false","false","simple","calendar","true","false","thresholds"
"SDN/USD","Shiden Network","US Dollar","Gate.io","gate.io","","","","","","","","","","","","","","","","false","","0","0","false","false","simple","calendar","true","false","thresholds"
"SKM/USD","Skrumble Network","US Dollar","Gate.io","gate.io","","","","","","","","","","","","","","","","false","","0","0","false","false","simple","calendar","true","false","thresholds"
"STARL/USD","Starlink","US Dollar","Gate.io","gate.io","","","","","","","","","","","","","","","","false","","0","0","false","false","simple","calendar","true","false","thresholds"
"SXP/USD","SXP","US Dollar","Binance","binance","","","","","","","","","","","","","","","","true","","0","0","false","false","simple","calendar","true","false","thresholds"
"TON/USD","Toncoin","US Dollar","Bybit","bybit","","","","","","","","","","","","","","","","true","","0","0","false","false","simple","calendar","true","false","thresholds"
"TRIBE/USD","Tribe","US Dollar","Gate.io","gate.io","","","","","","","","","","","","","","","","false","","0","0","false","false","simple","calendar","true","false","thresholds"
"TRU/USD","TrueFi","US Dollar","Binance","binance","","","","","","","","","","","","","","","","true","","0","0","false","false","simple","calendar","true","false","thresholds"
"UTK/USD","Utrust","US Dollar","Binance","binance","","","","","","","","","","","","","","","","true","","0","0","false","false","simple","calendar","true","false","thresholds"
"VVS/USD","VVS Finance","US Dollar","Crypto.com Exchange","crypto.comexchange","","","","","","","","","","","","","","","","false","","0","0","false","false","simple","calendar","true","false","thresholds"
"XDC/USD","XDC Network","US Dollar","Kucoin","kucoin","","","","","","","","","","","","","","","","true","","0","0","false","false","simple","calendar","true","false","thresholds"
"XPRT/USD","Persistence","US Dollar","Gate.io","gate.io","0.0026","2026-10-08","-7.96","-57.62","30.22","-18.01","-91.09","-59.10","-46.72","397.26","387.72","2.58","-14.44","70.33","62.48","false","false","425","1.000","true","true","simple","calendar","true","false","thresholds"
"ZEC/EUR","Zcash","Euro","Kraken","kraken","1057.1370","2026-10-08","-10.77","-10.94","4.39","159.32","595.14","136.63","280.27","89.46","138.93","1.02","-10.77","9.75","27.14","true","false","425","1.000","true","true","simple","calendar","true","true","suspect_return"
"ZEC/USD","Zcash","US Dollar","Binance","binance","1183.3000","2026-10-08","-10.89","-11.40","0.47","153.93","566.42","124.94","265.80","90.30","139.07","0.68","-10.89","9.99","28.42","true","false","425","1.000","true","true","simple","calendar","true","true","suspect_return"