symbol,dummy2,dummy3,exchange_used,c5,c6,c7,c8,ret_30d_pct,c10,vol_30d_annual_pct
"QNT/USD","","","Binance","","","","","269.37","","383.28"
"RLC/USD","","","Gate.io","","","","","264.34","","373.08"
"ONE/USD","","","Binance","","","","","223.43","","490.86"
"HTR/USD","","","KuCoin","","","","","126.04","","442.22"
"STRK/USD","","","Binance","","","","","121.43","","242.81"
"OGN/USD","","","Binance","","","","","115.90","","356.54"
"MODE/USD","","","Gate.io","","","","","105.59","","501.74"
"LSK/USD","","","Binance","","","","","101.63","","719.72"
"NEAR/USD","","","Binance","","","","","95.57","","160.94"
"SAND/EUR","","","BitStamp","","","","","88.92","","214.56"