symbol,name,daily_change_pct,ytd_return_pct,one_year_return_pct,perf_1m_pct,perf_3m_pct,vol_pct,vol_window,vol_3y_pct,beta,last_close,as_of
STEC,iShares STOXX Europe 600 Technology UCITS ETF (DE),,,,,,,,,,,2026-10-07T19:48:45.436Z
EXCD,iShares MSCI EM ex-China UCITS ETF USD (Dist),,,,,,,,,,,2026-10-07T19:48:45.523Z
EXA1,iShares EURO STOXX Banks 30-15 UCITS ETF (DE) EUR (Acc),,,,,,,,,,,2026-10-07T19:48:45.611Z
EPAD,iShares MSCI Europe Paris-Aligned Climate UCITS ETF EUR (Dist),,,,,,,,,,,2026-10-07T19:48:45.704Z
VERX,Vanguard FTSE Developed Europe ex UK UCITS ETF (EUR) Distributing,,,,,,,,,,,2026-10-07T19:48:45.789Z
ACSW,iShares MSCI ACWI Swap UCITS ETF,,,,,,,,,,,2026-10-07T19:48:45.874Z
CNDX,iShares NASDAQ 100 UCITS ETF USD (Acc),,,,,,,,,,,2026-10-07T19:48:45.958Z
CEUU,iShares Core MSCI EMU UCITS ETF USD Hedged (Acc),,,,,,,,,,,2026-10-07T19:48:46.057Z
CEMU,iShares Core MSCI EMU UCITS ETF EUR (Acc),,,,,,,,,,,2026-10-07T19:48:46.141Z
CBEU,First Trust Nasdaq Cybersecurity Euro Hedged UCITS ETF,,,,,,,,,,,2026-10-07T19:48:46.222Z
BTC.XAMS,Grayscale Bitcoin Mini Trust ETF,,,,,,,,,,,2026-10-07T19:48:46.312Z
RU2K,iShares Russell 2000 Swap UCITS ETF USD (Acc),,,,,,,,,,,2026-10-07T19:48:46.396Z
SXLI,SPDR S&P U.S. Industrials Select Sector UCITS ETF USD,,,,,,,,,,,2026-10-07T19:48:46.481Z
ISPY,ProShares S&P 500 High Income ETF,,,,,,,,,,,2026-10-07T19:48:46.562Z
IFRE,iShares MSCI France UCITS ETF,,,,,,,,,,,2026-10-07T19:48:46.646Z
IOGP,iShares Oil & Gas Exploration & Production UCITS ETF USD ,,,,,,,,,,,2026-10-07T19:48:46.726Z
BEL,Amundi BEL 20 UCITS ETF Dist,,,,,,,,,,,2026-10-07T19:48:46.811Z
S5USAS,UBS ETFs plc - S&P 500 SF UCITS ETF ,,,,,,,,,,,2026-10-07T19:48:46.897Z
SEMA,iShares MSCI EM UCITS ETF USD (Acc),,,,,,,,,,,2026-10-07T19:48:46.979Z
ACWD,SPDR MSCI ACWI UCITS ETF,,,,,,,,,,,2026-10-07T19:48:47.063Z
XRSM,Xtrackers MSCI USA Screened UCITS ETF 1C,,,,,,,,,,,2026-10-07T19:48:47.145Z
SXLK,State Street SPDR S&P U.S. Technology Select Sector UCITS ETF,,,,,,,,,,,2026-10-07T19:48:47.243Z
SXLF,State Street SPDR S&P U.S. Financials Select Sector UCITS ETF,,,,,,,,,,,2026-10-07T19:48:47.331Z
SXLE,SPDR S&P U.S. Energy Select Sector UCITS ETF,,,,,,,,,,,2026-10-07T19:48:47.412Z
SWDA,iShares Core MSCI World UCITS ETF USD (Acc),,,,,,,,,,,2026-10-07T19:48:47.494Z
ISAG,iShares Agribusiness UCITS ETF USD ,,,,,,,,,,,2026-10-07T19:48:47.574Z
IUFS,iShares S&P 500 Financials Sector UCITS ETF,,,,,,,,,,,2026-10-07T19:48:47.654Z
EIMI,iShares Core MSCI Emerging Markets IMI UCITS ETF (Acc),,,,,,,,,,,2026-10-07T19:48:47.736Z
IWVL,iShares Edge MSCI World Value Factor UCITS ETF USD (Dist),,,,,,,,,,,2026-10-07T19:48:47.822Z
WTEC,SPDR MSCI World Technology UCITS ETF,,,,,,,,,,,2026-10-07T19:48:47.902Z
IJPU,iShares Public Limited Company - iShares MSCI Japan UCITS ETF USD ,,,,,,,,,,,2026-10-07T19:48:47.983Z
VDEV,Vanguard FTSE Developed World UCITS ETF USD Distributing,,,,,,,,,,,2026-10-07T19:48:48.068Z
VDEM,Vanguard Funds Public Limited Company - Vanguard FTSE Emerging Markets UCITS ETF,,,,,,,,,,,2026-10-07T19:48:48.151Z
HMXD,HSBC MSCI Pacific ex Japan UCITS ETF,,,,,,,,,,,2026-10-07T19:48:48.237Z
IMID,SSgA SPDR ETFs Europe I Public Limited Company - SPDR MSCI ACWI IMI UCITS ETF,,,,,,,,,,,2026-10-07T19:48:48.329Z
DLTM,iShares MSCI EM Latin America UCITS ETF USD ,,,,,,,,,,,2026-10-07T19:48:48.412Z
BGX,Expat Bulgaria SOFIX UCITS ETF,1.782,25.81,37.71,5.69,19.73,13.96,3y,13.96,0,1.028,2026-10-07T00:00:00.000Z
POWA,Invesco Bloomberg Pricing Power ETF,-2.047,8.16,8.16,-3.84,-2.87,19.09,SI,,1.12,5.408,2026-10-07T00:00:00.000Z
ACUG,Amundi MSCI Emerging Markets SRI PAB UCITS ETF DR (C),-1.159,22.77,20.43,3.7,5.01,17.37,3y,17.37,0.96,63.95,2026-10-07T00:00:00.000Z
D500,Invesco S&P 500 UCITS ETF Dist,-0.022,19.21,19.56,4.98,5.25,18.81,3y,18.81,0.54,64.422,2026-10-07T00:00:00.000Z
AIFS,iShares AI Infrastructure UCITS ETF USD (Acc),-0.259,71.26,77.87,10.93,10.47,28.22,1y,,1.39,10.772,2026-10-07T00:00:00.000Z
XDWM,Xtrackers MSCI World Materials UCITS ETF 1C,-1.35,15.95,20.34,-4.34,3.2,16.37,3y,16.37,0.67,68.69,2026-10-07T00:00:00.000Z
AAKI,ARK Artificial Intelligence & Robotics UCITS ETF,-2.31,21.08,10.07,9.58,9.38,31.31,3y,31.31,1.45,10.49,2026-10-07T00:00:00.000Z
QDVS,iShares MSCI EM SRI UCITS ETF,-1.075,22.27,26.09,2.53,6.08,16.98,3y,16.98,0.99,10.124,2026-10-07T00:00:00.000Z
CSP5,Amundi Core S&P 500 UCITS ETF Acc,0,20.17,20.82,5.24,5.53,11.45,1y,,0.57,6.6996,2026-10-07T00:00:00.000Z
H4ZJ,HSBC MSCI World UCITS ETF,-0.292,17.02,18.07,3.42,3.8,13.25,3y,13.25,0.57,44.442,2026-10-07T00:00:00.000Z
H4ZT,HSBC MSCI Indonesia UCITS ETF USD,-0.564,-39.1,-36.57,-7.36,-3.96,27.07,3y,27.07,0.36,32.62,2026-10-07T00:00:00.000Z
X5UD,Xtrackers S&P 500 Swap II UCITS ETF 1D,-0.723,13.71,15.63,1.29,2.76,12.27,1y,,0.66,42.677,2026-10-07T00:00:00.000Z
LTWN,Lyxor MSCI Taiwan UCITS ETF - Acc-EUR,0.765,70.84,86.65,12.13,11.07,41.79,3y,41.79,1.66,123.86,2026-10-05T00:00:00.000Z
LCUK,Amundi UK Equity All Cap UCITS ETF GBP,-0.587,10.53,11.63,-1.87,1.37,17.47,3y,17.47,0.43,17.61,2026-10-07T00:00:00.000Z
JUIE,JPMorgan US Research Enhanced Index Equity Active UCITS ETF EUR (Acc),-0.062,18.89,20.06,4.84,4.96,11.28,1y,,0.53,32.38,2026-10-07T00:00:00.000Z
IBCH,iShares MSCI World EUR Hedged UCITS ETF (Acc),-0.874,11.9,13.8,0.25,1.88,12.91,3y,12.91,0.64,120.24,2026-10-07T00:00:00.000Z
XESD,Xtrackers Spanish Equity UCITS ETF 1D,-1.491,10.07,24.39,-4.48,-2.05,16.05,3y,16.05,0.61,44.605,2026-10-07T00:00:00.000Z
DBX2,Xtrackers MSCI EM Asia Swap UCITS ETF 1C,1.455,27.11,36.83,2.99,-8.34,23.49,3y,23.49,1.11,90.62,2026-09-17T00:00:00.000Z
B41J,Global X European Infrastructure Development UCITS ETF,-1.14,-4.12,-3.83,-6.23,-8.42,16.35,1y,,0.51,18.208,2026-10-07T00:00:00.000Z
DYLD,LeaderShares Dynamic Yield ETF,-0.754,-6.75,-4.86,-2.79,-1.62,11.5,1y,,0.35,14.48,2026-10-07T00:00:00.000Z
X50U,Xtrackers S&P 500 Swap UCITS ETF 1C,-0.743,34.59,35.33,1.28,2.97,19.99,1y,,0.79,43.004,2026-10-07T00:00:00.000Z
MWOT,Amundi Russell 1000 Growth UCITS ETF Acc,-1.057,9.11,8.82,4.1,3.99,17.63,1y,,0.93,645.6,2026-10-07T00:00:00.000Z
DXSP,Xtrackers EURO STOXX 50 Short Daily Swap UCITS ETF 1C,1.446,-6.32,-9.12,3.88,2.05,15.4,3y,15.4,-0.72,5.332,2026-10-07T00:00:00.000Z
DX2Z,Xtrackers S&P Select Frontier Swap UCITS ETF 1C,-0.358,8.61,21.62,-3.13,-0.96,21.19,3y,21.19,0.28,26.44,2026-10-07T00:00:00.000Z
DRNZ,REX Drone ETF,,,,,,,,,,,2026-10-07T19:48:54.697Z
MAXJ,iShares Large Cap Max Buffer Jun ETF,0.769,3.64,3.64,4.53,3.62,4.57,SI,,0.02,4.584,2026-10-07T00:00:00.000Z
DXSA,Xtrackers Euro Stoxx Quality Dividend UCITS ETF 1D,-0.796,5.57,12.27,-4.35,-6.17,12.77,3y,12.77,0.26,29.275,2026-10-07T00:00:00.000Z
BBCK,Invesco Global Buyback Achievers UCITS ETF,-0.642,13.05,16.9,-0.64,2.89,18.34,3y,18.34,0.35,66.55,2026-10-07T00:00:00.000Z
EUNM,iShares MSCI EM UCITS ETF USD (Acc),-0.921,27.47,31.89,1.84,3.3,17.55,3y,17.55,1.04,58.068,2026-10-07T00:00:00.000Z
IROB,L&G ROBO Global Robotics and Automation UCITS ETF,-2.143,21.51,24.84,5.1,0.1,22.14,3y,22.14,1.2,29.455,2026-10-07T00:00:00.000Z
EWSX,iShares S&P 500 Equal Weight UCITS ETF USD (Acc),-0.972,2.88,6.03,-4.63,-2.19,14.27,1y,,0.6,5.399,2026-10-07T00:00:00.000Z
XDDA,Xtrackers DAX UCITS ETF 1D,-1.271,-0.07,-0.42,-3.39,-1.84,15.47,3y,15.47,0.7,10.876,2026-10-07T00:00:00.000Z
FTMA,Franklin Massachusetts Municipal Income ETF,0.339,13.88,15.38,4.85,5.01,5.91,1y,,0.1,23.675,2026-10-07T00:00:00.000Z
UIQ4,UBS Euro Equity Defensive Put Write SF UCITS ETF EUR acc,-0.342,6.25,9.05,0.51,2.17,7.7,1y,,0.21,163.1,2026-10-07T00:00:00.000Z
ETLZ,L&G Russell 2000 US Small Cap Quality UCITS ETF,-1.233,19.42,19.87,-1.07,-2.78,19.01,3y,19.01,0.62,120.16,2026-10-07T00:00:00.000Z
10AI,Amundi MSCI Europe SRI Climate Paris Aligned UCITS ETF DR (D),-0.926,8.5,10.15,-2.76,-1.48,12.89,3y,12.89,0.55,81.3,2026-10-07T00:00:00.000Z
XASX,Xtrackers MSCI UK ESG UCITS ETF 1D,-0.746,6.5,8.99,-2.84,-1.01,17.75,3y,17.75,0.49,5.853,2026-10-07T00:00:00.000Z
EUNE,iShares Core EURO STOXX 50 UCITS ETF EUR (Dist),0.877,7.98,18,-2.79,-0.59,15.5,3y,15.5,0.73,64.38,2026-09-17T00:00:00.000Z
WDTE,Defiance S&P 500 Weekly Distribution ETF,-0.529,31.24,29.38,8.92,14.35,22.4,3y,22.4,1.05,12.778,2026-10-07T00:00:00.000Z
EXV5,iShares STOXX Europe 600 Automobiles & Parts UCITS ETF ,-0.222,-21.08,-19.97,-8.36,-5.89,21.21,3y,21.21,0.64,38.14,2026-10-07T00:00:00.000Z
FOCT,FT Vest U.S. Equity Buffer ETF - October,0.574,16.56,16.71,5.34,5.73,7.96,1y,,0.32,27.14,2026-10-07T00:00:00.000Z
CEMQ,iShares Edge MSCI Europe Quality Factor UCITS ETF,-0.267,6.7,8.5,-1.14,-1.06,12.1,3y,12.1,0.45,11.948,2026-10-07T00:00:00.000Z
IS3T,iShares MSCI World Mid-Cap Equal Weight UCITS ETF USD (Acc),-0.608,11.3,12.7,-0.85,0.87,12.61,3y,12.61,0.46,52.35,2026-10-07T00:00:00.000Z
F5ESG,UBS SBI Foreign AAA-BBB 5-10 ESG UCITS ETF CHF dis,0.338,19.69,23.14,4.5,6.89,15.61,3y,15.61,0.37,97.92,2026-10-07T00:00:00.000Z
IUSB,iShares Core Universal USD Bond ETF,-0.642,-6.54,-5.71,-4.85,-0.57,16.11,3y,16.11,0.47,19.814,2026-10-07T00:00:00.000Z
IS3Q,iShares Edge MSCI World Quality Factor UCITS ETF USD (Accumulating),-0.199,18.18,19.44,4.44,4.1,12.74,3y,12.74,0.5,80.42,2026-10-07T00:00:00.000Z
CBUK,iShares MSCI China Tech UCITS ETF USD (Acc),0.061,-12.21,-20.85,-0.56,-10.34,28.29,3y,28.29,0.83,4.0715,2026-10-07T00:00:00.000Z
2B79,iShares Digitalisation UCITS ETF USD (Acc),-0.093,16.01,6.55,6.38,8.39,22.07,3y,22.07,0.63,10.704,2026-10-07T00:00:00.000Z
2B7C,iShares S&P 500 Industrials Sector UCITS ETF,-1.854,12.5,12.8,-0.39,-5.77,20.49,3y,20.49,0.5,12.704,2026-10-07T00:00:00.000Z
UETW,UBS Core MSCI World UCITS ETF USD acc,-0.256,18.34,19.74,3.47,4.34,17.86,3y,17.86,0.55,40.983,2026-10-07T00:00:00.000Z
ESIH,iShares MSCI Europe Health Care Sector UCITS ETF EUR (Acc),1.957,-1.15,1.79,1.01,-3.68,16.88,3y,16.88,0.18,7.035,2026-10-07T00:00:00.000Z
FLXC,Franklin FTSE China UCITS ETF,-0.319,-11.96,-16.63,-1.01,-1.79,23.11,3y,23.11,0.52,25.035,2026-10-07T00:00:00.000Z
SLMB,iShares MSCI Emerging Markets IMI UCITS ETF USD (Acc),-1.479,6.42,9.75,-3.14,-1.58,14.31,3y,14.31,0.64,8.995,2026-10-07T00:00:00.000Z
4MMR,Global X Defence Tech UCITS ETF USD Accumulating,-1.797,-6.69,-13.51,-2.81,-1.84,23.09,1y,,0.31,23.505,2026-10-07T00:00:00.000Z
SC0U,Invesco STOXX Europe 600 Optimised Banks UCITS ETF Acc,-3.263,14.56,32.75,-7.45,-1.06,21.19,3y,21.19,0.85,237.2,2026-10-07T00:00:00.000Z
IIND,BetaShares India Quality ETF,,,,,,,,,,,2026-10-07T19:49:03.663Z
XBCU,Xtrackers Bloomberg Commodity ex-Agriculture & Livestock Swap UCITS ETF 2C,,,,,,,,,,,2026-10-07T19:49:03.746Z
IHCU,iShares S&P 500 Health Care Sector UCITS ETF,,,,,,,,,,,2026-10-07T19:49:03.830Z
COWZ,Pacer US Cash Cows 100 ETF,,,,,,,,,,,2026-10-07T19:49:03.921Z
0MIU,Invesco EQQQ NASDAQ-100 UCITS ETF CHF Hdg Acc,,,,,,,,,,,2026-10-07T19:49:04.002Z
DDGC,Dimensional Global Core Equity UCITS ETF USD (Acc),,,,,,,,,,,2026-10-07T19:49:04.084Z
ISDU,iShares MSCI USA Islamic UCITS ETF,,,,,,,,,,,2026-10-07T19:49:04.175Z
ISDW,iShares MSCI World Islamic UCITS ETF USD (Dist),,,,,,,,,,,2026-10-07T19:49:04.269Z
CPJ1,iShares Core MSCI Pacific ex Japan UCITS ETF,,,,,,,,,,,2026-10-07T19:49:04.357Z
DECQ,First Trust Vest Nasdaq-100 Moderate Buffer UCITS ETF December Class A USD Acc,,,,,,,,,,,2026-10-07T19:49:04.443Z
ISFE,iShares MSCI AC Far East ex-Japan Small Cap UCITS ETF,,,,,,,,,,,2026-10-07T19:49:04.526Z
0E2B,Amundi Smart Overnight Return UCITS ETF Acc,,,,,,,,,,,2026-10-07T19:49:04.616Z
IGNC,iShares U.S. Equity High Income Active UCITS ETF,,,,,,,,,,,2026-10-07T19:49:04.710Z
CSP1,iShares Core S&P 500 UCITS ETF USD (Acc),,,,,,,,,,,2026-10-07T19:49:04.812Z
CES1,iShares MSCI EMU Small Cap UCITS ETF,,,,,,,,,,,2026-10-07T19:49:04.893Z
ICDU,iShares S&P 500 Consumer Discretionary Sector UCITS ETF (Acc),,,,,,,,,,,2026-10-07T19:49:04.983Z
ISDE,iShares MSCI Emerging Markets Islamic UCITS ETF,,,,,,,,,,,2026-10-07T19:49:05.065Z
0IYF,Global X Silver Miners ETF,,,,,,,,,,,2026-10-07T19:49:05.152Z
CS51,iShares Core EURO STOXX 50 UCITS ETF,,,,,,,,,,,2026-10-07T19:49:05.245Z
COMX,WisdomTree Broad Commodities UCITS ETF USD Accumulating,,,,,,,,,,,2026-10-07T19:49:05.338Z
INCM,Franklin Income Focus ETF,,,,,,,,,,,2026-10-07T19:49:05.427Z
0DZH,Xtrackers Switzerland UCITS ETF 1C,,,,,,,,,,,2026-10-07T19:49:05.515Z
CJ1P,Amundi MSCI Japan ESG Broad Transition UCITS ETF GBP Dist,,,,,,,,,,,2026-10-07T19:49:05.606Z
INQP,Invesco India Quality Internet UCITS ETF,,,,,,,,,,,2026-10-07T19:49:05.702Z
CIND,iShares Dow Jones Industrial Average UCITS ETF,,,,,,,,,,,2026-10-07T19:49:05.779Z
CHTE,UBS Solactive China Technology UCITS ETF USD acc,,,,,,,,,,,2026-10-07T19:49:05.862Z
CMFP,L&G Longer Dated All Commodities UCITS ETF,,,,,,,,,,,2026-10-07T19:49:05.947Z
XAXD,Xtrackers MSCI AC Asia ex Japan ESG Swap UCITS ETF,,,,,,,,,,,2026-10-07T19:49:06.039Z
IKSA,iShares MSCI Saudi Arabia Capped UCITS ETF USD (Acc),,,,,,,,,,,2026-10-07T19:49:06.134Z
CU2G,Amundi PEA MSCI USA ESG Selection UCITS ETF - USD,,,,,,,,,,,2026-10-07T19:49:06.235Z
IESE,iShares MSCI Europe SRI UCITS ETF EUR (Acc),,,,,,,,,,,2026-10-07T19:49:06.320Z
CMB1,iShares FTSE MIB UCITS ETF EUR (Acc),,,,,,,,,,,2026-10-07T19:49:06.404Z
CYBP,Rize Cybersecurity & Data Privacy UCITS ETF,,,,,,,,,,,2026-10-07T19:49:06.492Z
0HFZ,BNP Paribas Easy Value Europe UCITS ETF,,,,,,,,,,,2026-10-07T19:49:06.579Z
INFG,Amundi US Inflation Expectations 10Y UCITS ETF Acc,,,,,,,,,,,2026-10-07T19:49:06.662Z
CJPU,iShares MSCI Japan UCITS ETF USD (Acc),,,,,,,,,,,2026-10-07T19:49:06.758Z
CW8G,Amundi MSCI World UCITS ETF - USD,,,,,,,,,,,2026-10-07T19:49:06.843Z
0E0L,UBS MSCI Switzerland 20/35 UCITS ETF CHF acc,,,,,,,,,,,2026-10-07T19:49:06.928Z
CMOD,Invesco Bloomberg Commodity UCITS ETF,,,,,,,,,,,2026-10-07T19:49:07.014Z
0DZW,UBS Core MSCI Japan UCITS ETF JPY acc,,,,,,,,,,,2026-10-07T19:49:07.098Z
CHRG,WisdomTree Battery Solutions UCITS ETF - USD Acc,,,,,,,,,,,2026-10-07T19:49:07.182Z
CNKY,iShares Nikkei 225 UCITS ETF (Acc),,,,,,,,,,,2026-10-07T19:49:07.267Z
IDP6,iShares S&P SmallCap 600 UCITS ETF,,,,,,,,,,,2026-10-07T19:49:07.346Z
CHPS,Xtrackers Semiconductor Select Equity ETF,,,,,,,,,,,2026-10-07T19:49:07.433Z
IDNA,iShares Genomics Immunology and Healthcare ETF,,,,,,,,,,,2026-10-07T19:49:07.529Z
CSPX,iShares Core S&P 500 UCITS ETF USD (Acc),,,,,,,,,,,2026-10-07T19:49:07.611Z
CHNX,Invesco ChiNext 50 UCITS ETF Acc,,,,,,,,,,,2026-10-07T19:49:07.692Z
URNG,Global X Uranium UCITS ETF USD Accumulating,,,,,,,,,,,2026-10-07T19:49:07.774Z
IDJG,iShares Euro Total Market Growth Large UCITS ETF,,,,,,,,,,,2026-10-07T19:49:07.857Z
IDFF,iShares MSCI AC Far East ex-Japan UCITS ETF,,,,,,,,,,,2026-10-07T19:49:07.940Z
IDKO,iShares MSCI Korea UCITS ETF,,,,,,,,,,,2026-10-07T19:49:08.019Z
IDWP,iShares Developed Markets Property Yield UCITS ETF,,,,,,,,,,,2026-10-07T19:49:08.110Z
IESU,iShares S&P 500 Energy Sector UCITS ETF USD (Acc),,,,,,,,,,,2026-10-07T19:49:08.203Z
IDUP,iShares US Property Yield UCITS ETF USD (Dist),,,,,,,,,,,2026-10-07T19:49:08.296Z
IDTW,iShares MSCI Taiwan UCITS ETF USD (Dist),,,,,,,,,,,2026-10-07T19:49:08.392Z
IJPD,iShares MSCI Japan USD Hedged UCITS ETF (Acc),,,,,,,,,,,2026-10-07T19:49:08.475Z
IITU,iShares S&P 500 Information Technology Sector UCITS ETF USD (Acc),,,,,,,,,,,2026-10-07T19:49:08.562Z
IQGG,Invesco Global Enhanced Equity UCITS ETF GBP PfHdg Acc,,,,,,,,,,,2026-10-07T19:49:08.649Z
CSUS,iShares MSCI USA UCITS ETF USD (Acc),,,,,,,,,,,2026-10-07T19:49:08.734Z
0DZP,UBS Core MSCI EMU UCITS ETF EUR Acc,,,,,,,,,,,2026-10-07T19:49:08.825Z
IDEM,iShares MSCI EM UCITS ETF USD (Dist),,,,,,,,,,,2026-10-07T19:49:08.915Z
ESIE,iShares MSCI Europe Energy Sector UCITS ETF EUR (Acc),,,,,,,,,,,2026-10-07T19:49:09.002Z
GONS,Invesco GBP Overnight Return Swap UCITS ETF Acc,,,,,,,,,,,2026-10-07T19:49:09.085Z
ESGS,Columbia ETF Trust I - Columbia Sustainable U.S. Equity Income ETF,,,,,,,,,,,2026-10-07T19:49:09.172Z
WENP,WisdomTree Strategic Metals UCITS ETF - GBP Hedged,,,,,,,,,,,2026-10-07T19:49:09.276Z
GLGG,Leverage Shares 2X Long GLXY Daily ETF,,,,,,,,,,,2026-10-07T19:49:09.364Z
GLCD,UBS BBG MSCI Global Liquid Corp Sustainable UCITS ETF hGBP dis,,,,,,,,,,,2026-10-07T19:49:09.445Z
VEUD,Vanguard FTSE Developed Europe UCITS ETF Distributing,,,,,,,,,,,2026-10-07T19:49:09.535Z
GGGA,Invesco Global Enhanced Equity UCITS ETF EUR PfHdg Acc,,,,,,,,,,,2026-10-07T19:49:09.620Z
EUDI,SPDR S&P Euro Dividend Aristocrats UCITS ETF (Dist),,,,,,,,,,,2026-10-07T19:49:09.704Z
GGRB,WisdomTree Global Quality Dividend Growth UCITS ETF GBP Hedged Dist,,,,,,,,,,,2026-10-07T19:49:09.788Z
WEHG,Amundi Prime All Country World UCITS ETF Dist,,,,,,,,,,,2026-10-07T19:49:09.866Z
GTIL,X World GTI ETF 1C,,,,,,,,,,,2026-10-07T19:49:09.948Z
GXLE,SPDR S&P U.S. Energy Select Sector UCITS ETF,,,,,,,,,,,2026-10-07T19:49:10.033Z
ENGW,SPDR MSCI World Energy UCITS ETF,,,,,,,,,,,2026-10-07T19:49:10.122Z
ENGE,SPDR MSCI Europe Energy UCITS ETF,,,,,,,,,,,2026-10-07T19:49:10.211Z
GXLK,State Street SPDR S&P U.S. Technology Select Sector UCITS ETF,,,,,,,,,,,2026-10-07T19:49:10.292Z
GSPX,iShares Core S&P 500 UCITS ETF GBP Hedged (Dist),,,,,,,,,,,2026-10-07T19:49:10.371Z
EQGB,Invesco EQQQ NASDAQ-100 UCITS ETF GBP Hdg Acc,,,,,,,,,,,2026-10-07T19:49:10.451Z
GRCT,BNP Paribas Easy FTSE EPRA Nareit Global Developed Green CTB UCITS ETF,,,,,,,,,,,2026-10-07T19:49:10.533Z
EQQS,Invesco NASDAQ-100 Swap UCITS ETF Acc,,,,,,,,,,,2026-10-07T19:49:10.661Z
FEP,First Trust Europe AlphaDEX Fund,,,,,,,,,,,2026-10-07T19:49:10.753Z
FASE,Invesco FTSE All Share Screened & Tilted UCITS ETF Dist,,,,,,,,,,,2026-10-07T19:49:10.845Z
FAPR,FT Vest U.S. Equity Buffer ETF - April,,,,,,,,,,,2026-10-07T19:49:10.929Z
FSEU,iShares STOXX Europe Equity Multifactor UCITS ETF EUR (Acc),,,,,,,,,,,2026-10-07T19:49:11.013Z
0H1C,Invesco EQQQ NASDAQ-100 UCITS ETF EUR Hdg Acc,,,,,,,,,,,2026-10-07T19:49:11.102Z
FSWD,iShares STOXX World Equity Multifactor UCITS ETF USD (Acc),,,,,,,,,,,2026-10-07T19:49:11.187Z
FT1K,Amundi MSCI UK IMI SRI Climate Paris Aligned UCITS ETF DR - GBP (C),,,,,,,,,,,2026-10-07T19:49:11.268Z
FLRK,Franklin FTSE Korea UCITS ETF,,,,,,,,,,,2026-10-07T19:49:11.357Z
VLUA,WisdomTree US Value UCITS ETF USD (Acc),,,,,,,,,,,2026-10-07T19:49:11.447Z
VLUG,WisdomTree Global Value UCITS ETF - USD Acc,,,,,,,,,,,2026-10-07T19:49:11.532Z
FJAN,FT Vest U.S. Equity Buffer ETF - January,,,,,,,,,,,2026-10-07T19:49:11.621Z
FGRO,Fidelity Growth Opportunities ETF,,,,,,,,,,,2026-10-07T19:49:11.699Z
FTGS,First Trust Growth Strength ETF,,,,,,,,,,,2026-10-07T19:49:11.782Z
WCOG,WisdomTree Enhanced Commodity UCITS ETF - USD,,,,,,,,,,,2026-10-07T19:49:11.865Z
WCOM,WisdomTree Enhanced Commodity UCITS ETF GBP Hedged Acc,,,,,,,,,,,2026-10-07T19:49:11.950Z
GBDV,Global Beta Smart Income ETF,,,,,,,,,,,2026-10-07T19:49:12.035Z
WDGA,UBS Core MSCI World UCITS ETF (hedged to GBP) Accumulating,,,,,,,,,,,2026-10-07T19:49:12.119Z
WDSC,SPDR MSCI World Small Cap UCITS ETF (Acc),,,,,,,,,,,2026-10-07T19:49:12.203Z
GDAG,L&G Global Quality Dividends UCITS ETF USD Acc,,,,,,,,,,,2026-10-07T19:49:12.296Z
GDIG,VanEck S&P Global Mining UCITS ETF A,,,,,,,,,,,2026-10-07T19:49:12.380Z
VGER,Vanguard Germany All Cap UCITS ETF (EUR) Distributing,,,,,,,,,,,2026-10-07T19:49:12.463Z
EUSR,UBS MSCI EMU Socially Responsible UCITS ETF (hedged to GBP) A-dis,,,,,,,,,,,2026-10-07T19:49:12.545Z
G500,Invesco S&P 500 UCITS ETF GBP Hdg Acc,,,,,,,,,,,2026-10-07T19:49:12.635Z
WAGB,WisdomTree AI Infrastructure UCITS ETF - USD Acc,,,,,,,,,,,2026-10-07T19:49:12.717Z
FUQA,Fidelity US Quality Income UCITS ETF Accumulation USD Shares,,,,,,,,,,,2026-10-07T19:49:12.814Z
FXGB,First Trust FactorFX UCITS ETF,,,,,,,,,,,2026-10-07T19:49:12.899Z
WXMC,UBS MSCI World ex Mega Cap UCITS ETF USD acc,,,,,,,,,,,2026-10-07T19:49:12.981Z
DWLD,Davis Select Worldwide ETF,,,,,,,,,,,2026-10-07T19:49:13.071Z
DRN,Direxion Daily Real Estate Bull 3X ETF,,,,,,,,,,,2026-10-07T19:49:13.157Z
DR4M,Defiance Memory UCITS ETF Accumulating ETF Share Class USD,,,,,,,,,,,2026-10-07T19:49:13.242Z
DPYE,iShares Developed Markets Property Yield UCITS ETF EUR Hedged (Acc),,,,,,,,,,,2026-10-07T19:49:13.323Z
DXJA,WisdomTree Japan Equity UCITS ETF USD Hedged Acc,,,,,,,,,,,2026-10-07T19:49:13.410Z
DPYA,iShares Developed Markets Property Yield UCITS ETF USD (Acc),,,,,,,,,,,2026-10-07T19:49:13.495Z
DXJG,WisdomTree Japan Equity UCITS ETF USD Acc,,,,,,,,,,,2026-10-07T19:49:13.584Z
WRDG,UBS ETF (IE) MSCI World UCITS ETF GBP Hedged Distributing,,,,,,,,,,,2026-10-07T19:49:13.678Z
WREN,WisdomTree Renewable Energy UCITS ETF USD Unhedged Acc,,,,,,,,,,,2026-10-07T19:49:13.761Z
HSAS,HSBC Asia Pacific ex Japan Screened Equity UCITS ETF USD (Acc),,,,,,,,,,,2026-10-07T19:49:13.837Z
DXJP,WisdomTree Japan Equity UCITS ETF GBP Hedged,,,,,,,,,,,2026-10-07T19:49:13.925Z
0E6H,BNP Paribas Easy JPM ESG Emerging Markets UCITS ETF,,,,,,,,,,,2026-10-07T19:49:14.015Z
DH2O,iShares Global Water UCITS ETF,,,,,,,,,,,2026-10-07T19:49:14.095Z
DFNX,Invesco Defence Innovation UCITS ETF Acc,,,,,,,,,,,2026-10-07T19:49:14.192Z
DFEU,iShares Europe Defence UCITS ETF EUR (Acc),,,,,,,,,,,2026-10-07T19:49:14.279Z
DOCG,L&G Healthcare Technology & Innovation UCITS ETF USD Acc,,,,,,,,,,,2026-10-07T19:49:14.363Z
IAUS,iShares MSCI Australia UCITS ETF,,,,,,,,,,,2026-10-07T19:49:14.444Z
IAUP,iShares Gold Producers UCITS ETF USD (Acc),,,,,,,,,,,2026-10-07T19:49:14.528Z
0HFT,BNP Paribas Easy Low Volatility Europe UCITS ETF,,,,,,,,,,,2026-10-07T19:49:14.614Z
IAEX,iShares AEX UCITS ETF,,,,,,,,,,,2026-10-07T19:49:14.702Z
IAIX,Invesco Artificial Intelligence Enablers UCITS ETF Acc,,,,,,,,,,,2026-10-07T19:49:14.787Z
HMJA,HSBC MSCI Japan UCITS ETF USD (Acc),,,,,,,,,,,2026-10-07T19:49:14.871Z
ECGH,L&G MSCI Emerging Markets Consumer Growth GBP Hedged UCITS ETF,,,,,,,,,,,2026-10-07T19:49:14.957Z
EMAD,SPDR MSCI EM Asia UCITS ETF,,,,,,,,,,,2026-10-07T19:49:15.044Z
VAPX,Vanguard FTSE Developed Asia Pacific ex Japan UCITS ETF USD Distributing,,,,,,,,,,,2026-10-07T19:49:15.128Z
H50G,HSBC EURO STOXX 50 UCITS ETF GBP Hedged Accumulating,,,,,,,,,,,2026-10-07T19:49:15.210Z
EIMU,iShares Core MSCI EM IMI UCITS ETF USD (Dist),,,,,,,,,,,2026-10-07T19:49:15.290Z
HDIQ,iShares MSCI USA Quality Dividend Advanced UCITS ETF USD (Dist),,,,,,,,,,,2026-10-07T19:49:15.371Z
EMQP,HANetf EMQQ Emerging Markets Internet UCITS ETF,,,,,,,,,,,2026-10-07T19:49:15.449Z
VDXX,Vanguard DAX UCITS ETF Shares EUR Inc,,,,,,,,,,,2026-10-07T19:49:15.533Z
VDNR,Vanguard FTSE North America UCITS ETF (USD) Distributing,,,,,,,,,,,2026-10-07T19:49:15.616Z
VDJP,Vanguard FTSE Japan UCITS ETF (USD) Distributing,,,,,,,,,,,2026-10-07T19:49:15.706Z
HDLG,Invesco S&P 500 High Dividend Low Volatility UCITS ETF Dist,,,,,,,,,,,2026-10-07T19:49:15.799Z
HGBP,HSBC Sterling Liquidity UCITS ETF,,,,,,,,,,,2026-10-07T19:49:15.883Z
EDMG,iShares MSCI Emerging Markets Enhanced CTB UCITS ETF,,,,,,,,,,,2026-10-07T19:49:15.966Z
HIJP,HSBC MSCI Japan Islamic Screened UCITS ETF USD (Acc),,,,,,,,,,,2026-10-07T19:49:16.058Z
0ED7,VanEck AEX UCITS ETF,,,,,,,,,,,2026-10-07T19:49:16.144Z
WOEE,iShares World Equity Enhanced Active UCITS ETF USD (Acc),,,,,,,,,,,2026-10-07T19:49:16.230Z
ECOG,L&G Ecommerce Logistics UCITS ETF,,,,,,,,,,,2026-10-07T19:49:16.335Z
HMEA,HSBC MSCI Europe UCITS ETF EUR (Acc),,,,,,,,,,,2026-10-07T19:49:16.435Z
HEQA,JPMorgan Nasdaq Hedged Equity Laddered Overlay UCITS ETF,,,,,,,,,,,2026-10-07T19:49:16.517Z
HELO,JPMorgan Hedged Equity Laddered Overlay ETF,,,,,,,,,,,2026-10-07T19:49:16.599Z
HELA,J.P. Morgan U.S. Hedged Equity Laddered Overlay UCITS ETF,,,,,,,,,,,2026-10-07T19:49:16.678Z
WMGG,WisdomTree Megatrends UCITS ETF USD,,,,,,,,,,,2026-10-07T19:49:16.774Z
0G28,XACT OMXS30 ESG UCITS ETF,,,,,,,,,,,2026-10-07T19:49:16.855Z
EEWD,iShares MSCI World CTB Enhanced ESG UCITS ETF,,,,,,,,,,,2026-10-07T19:49:16.935Z
EEUD,iShares MSCI Europe ESG Enhanced CTB UCITS ETF EUR (Dist),,,,,,,,,,,2026-10-07T19:49:17.013Z
EEMU,BNP Paribas Easy MSCI EMU Min TE UCITS ETF,,,,,,,,,,,2026-10-07T19:49:17.101Z
EEI,WisdomTree Europe Equity Income UCITS ETF,,,,,,,,,,,2026-10-07T19:49:17.180Z
EEDM,iShares MSCI EM ESG Enhanced CTB UCITS ETF USD (Dist),,,,,,,,,,,2026-10-07T19:49:17.261Z
EEDG,iShares MSCI USA ESG Enhanced CTB UCITS ETF USD (Dist),,,,,,,,,,,2026-10-07T19:49:17.340Z
XSKR,iShares MSCI Europe SRI UCITS ETF,,,,,,,,,,,2026-10-07T19:49:17.421Z
XSTC,Xtrackers MSCI USA Information Technology UCITS ETF 1D,,,,,,,,,,,2026-10-07T19:49:17.501Z
RSPB,Invesco S&P 500 Equal Weight Consumer Staples ETF,,,,,,,,,,,2026-10-07T19:49:17.579Z
0A3G,iShares Core MSCI Europe UCITS ETF EUR (Acc),,,,,,,,,,,2026-10-07T19:49:17.662Z
S100,Invesco FTSE 100 UCITS ETF,,,,,,,,,,,2026-10-07T19:49:17.740Z
XSHC,Xtrackers MSCI USA Health Care UCITS ETF 1D,,,,,,,,,,,2026-10-07T19:49:17.821Z
S250,Invesco FTSE 250 UCITS ETF,,,,,,,,,,,2026-10-07T19:49:17.903Z
S5UA,UBS Core S&P 500 UCITS ETF USD Acc,,,,,,,,,,,2026-10-07T19:49:17.982Z
XUFB,Xtrackers MSCI USA Banks UCITS ETF 1D,,,,,,,,,,,2026-10-07T19:49:18.066Z
0A3D,iShares Core S&P 500 UCITS ETF MXN Hedged (Acc),,,,,,,,,,,2026-10-07T19:49:18.147Z
XSFN,Xtrackers MSCI USA Financials UCITS ETF 1D,,,,,,,,,,,2026-10-07T19:49:18.230Z
QWTM,WisdomTree Quantum Computing UCITS ETF USD Unhedged Acc,,,,,,,,,,,2026-10-07T19:49:18.311Z
R1GB,iShares Russell 1000 Growth UCITS ETF USD (Acc),,,,,,,,,,,2026-10-07T19:49:18.398Z
R2SC,SPDR Russell 2000 US Small Cap UCITS ETF (Acc),,,,,,,,,,,2026-10-07T19:49:18.481Z
XRMU,Xtrackers MSCI USA Screened UCITS ETF 1C,,,,,,,,,,,2026-10-07T19:49:18.564Z
RDTG,Robeco Dynamic Theme Machine UCITS ETF USD Acc,,,,,,,,,,,2026-10-07T19:49:18.645Z
REGB,VanEck Rare Earth and Strategic Metals UCITS ETF,,,,,,,,,,,2026-10-07T19:49:18.730Z
XSEN,Xtrackers MSCI USA Energy UCITS ETF 1D,,,,,,,,,,,2026-10-07T19:49:18.819Z
XS3R,Xtrackers MSCI Europe Consumer Staples ESG Screened UCITS ETF 1C,,,,,,,,,,,2026-10-07T19:49:18.925Z
XSCD,Xtrackers MSCI USA Consumer Discretionary UCITS ETF 1D,,,,,,,,,,,2026-10-07T19:49:19.022Z
XSCS,Xtrackers MSCI USA Consumer Staples UCITS ETF 1D,,,,,,,,,,,2026-10-07T19:49:19.103Z
RENG,L&G Clean Energy UCITS ETF,,,,,,,,,,,2026-10-07T19:49:19.183Z
SDIP,Global X SuperDividend UCITS ETF USD Dis,,,,,,,,,,,2026-10-07T19:49:19.272Z
SDUE,iShares MSCI Europe Screened UCITS ETF,,,,,,,,,,,2026-10-07T19:49:19.351Z
SECA,Main Active Rotation ETF,,,,,,,,,,,2026-10-07T19:49:19.434Z
XZEU,Xtrackers MSCI Europe ESG UCITS ETF 1C,,,,,,,,,,,2026-10-07T19:49:19.514Z
SXYD,Global X EURO STOXX 50 Covered Call UCITS ETF EUR Distributing,,,,,,,,,,,2026-10-07T19:49:19.597Z
0A0P,Amundi S&P 500 Swap UCITS ETF USD Acc,,,,,,,,,,,2026-10-07T19:49:19.689Z
3DUG,Robeco 3D US Equity UCITS ETF USD Acc,,,,,,,,,,,2026-10-07T19:49:19.772Z
SAJP,iShares MSCI Japan UCITS ETF (Dist),,,,,,,,,,,2026-10-07T19:49:19.853Z
XUSD,Xtrackers MSCI USA Swap UCITS ETF 1D,,,,,,,,,,,2026-10-07T19:49:19.936Z
0MNJ,iShares STOXX Global Select Dividend 100 UCITS ETF (DE),,,,,,,,,,,2026-10-07T19:49:20.017Z
SAUM,iShares MSCI EMU IMI Screened UCITS ETF Accum Shs EUR,,,,,,,,,,,2026-10-07T19:49:20.113Z
0MNK,iShares STOXX Europe 600 Banks UCITS ETF (DE),,,,,,,,,,,2026-10-07T19:49:20.202Z
NUCG,VanEck Uranium and Nuclear Technologies UCITS ETF,,,,,,,,,,,2026-10-07T19:49:20.292Z
NUKP,Hanetf Nuclear Renaissance UCITS ETF,,,,,,,,,,,2026-10-07T19:49:20.371Z
ISPE,iShares S&P 500 Equal Weight UCITS ETF GBP Hedged (Acc),,,,,,,,,,,2026-10-07T19:49:20.457Z
OIGB,VanEck Oil Services UCITS ETF A USD,,,,,,,,,,,2026-10-07T19:49:20.537Z
AIAG,L&G Artificial Intelligence UCITS ETF,,,,,,,,,,,2026-10-07T19:49:20.617Z
NRUC,WisdomTree Strategic Metals UCITS ETF - USD Acc,,,,,,,,,,,2026-10-07T19:49:20.698Z
PACW,Amundi Prime All Country World UCITS ETF Inc,,,,,,,,,,,2026-10-07T19:49:20.779Z
XMME,Xtrackers MSCI Emerging Markets UCITS ETF 1C,,,,,,,,,,,2026-10-07T19:49:20.862Z
PAES,Invesco MSCI Europe ESG Climate Paris Aligned UCITS EUR Acc,,,,,,,,,,,2026-10-07T19:49:20.947Z
NDUS,SPDR MSCI Europe Industrials UCITS ETF,,,,,,,,,,,2026-10-07T19:49:21.032Z
0ACU,iShares Core MSCI World UCITS ETF EUR Hedged (Dist),,,,,,,,,,,2026-10-07T19:49:21.111Z
MWEP,Invesco MSCI World Equal Weight UCITS ETF Acc,,,,,,,,,,,2026-10-07T19:49:21.192Z
MXEU,Invesco MSCI Europe UCITS ETF,,,,,,,,,,,2026-10-07T19:49:21.282Z
NRJC,Amundi MSCI New Energy ESG Screened UCITS ETF Acc,,,,,,,,,,,2026-10-07T19:49:21.364Z
0ACQ,iShares MSCI USA ESG Enhanced CTB UCITS ETF USD (Acc),,,,,,,,,,,2026-10-07T19:49:21.457Z
QNTG,VanEck Quantum Computing UCITS ETF,,,,,,,,,,,2026-10-07T19:49:21.539Z
AASG,Amundi MSCI Emerging Markets Asia UCITS ETF,,,,,,,,,,,2026-10-07T19:49:21.621Z
QQQG,Pacer Nasdaq-100 Top 50 Cash Cows Growth Leaders ETF,,,,,,,,,,,2026-10-07T19:49:21.701Z
QDGH,iShares MSCI Europe Quality Dividend Advanced UCITS ETF GBP Hedged,,,,,,,,,,,2026-10-07T19:49:21.787Z
QDEC,FT Vest Nasdaq-100 Buffer ETF - December,,,,,,,,,,,2026-10-07T19:49:21.872Z
AEJ,Amundi MSCI AC Asia Pacific Ex Japan UCITS ETF Acc,,,,,,,,,,,2026-10-07T19:49:21.952Z
PQVG,Invesco S&P 500 QVM UCITS ETF,,,,,,,,,,,2026-10-07T19:49:22.035Z
XNAQ,Xtrackers NASDAQ 100 UCITS ETF 1C,,,,,,,,,,,2026-10-07T19:49:22.124Z
ADEF,Apostel Dundas Global Equity Fund,,,,,,,,,,,2026-10-07T19:49:22.203Z
ACWL,Amundi MSCI All Country World UCITS ETF USD Acc,,,,,,,,,,,2026-10-07T19:49:22.282Z
TDGB,VanEck Morningstar Developed Markets Dividend Leaders UCITS ETF,,,,,,,,,,,2026-10-07T19:49:22.368Z
XPHG,Xtrackers MSCI Philippines UCITS ETF 1C,,,,,,,,,,,2026-10-07T19:49:22.450Z
SILG,Global X Silver Miners UCITS ETF,,,,,,,,,,,2026-10-07T19:49:22.534Z
0MTV,iShares S&P 500 CHF Hedged UCITS ETF (Acc),,,,,,,,,,,2026-10-07T19:49:22.621Z
0W7Z,Deka iBoxx EUR Liquid Non-Financials Diversified UCITS ETF,,,,,,,,,,,2026-10-07T19:49:22.706Z
0W76,Amundi DivDAX II UCITS ETF Dist,,,,,,,,,,,2026-10-07T19:49:22.789Z
0MPR,Deka EURO STOXX 50 UCITS ETF,,,,,,,,,,,2026-10-07T19:49:22.870Z
0MOZ,iShares STOXX Europe 600 Utilities UCITS ETF (DE),,,,,,,,,,,2026-10-07T19:49:22.951Z
0MRI,Amundi CAC 40 Daily (-2x) Inverse UCITS ETF Acc,,,,,,,,,,,2026-10-07T19:49:23.033Z
0MRH,Amundi MSCI Greece UCITS ETF Dist,,,,,,,,,,,2026-10-07T19:49:23.111Z
0MQ4,Amundi EURO STOXX 50 II UCITS ETF Acc,,,,,,,,,,,2026-10-07T19:49:23.191Z
0MQ1,Deka MSCI Europe UCITS ETF,,,,,,,,,,,2026-10-07T19:49:23.275Z
0W9J,Amundi Nasdaq-100 Daily (2x) Leveraged UCITS ETF Acc,,,,,,,,,,,2026-10-07T19:49:23.362Z
0WA5,Amundi FTSE MIB Daily (-2x) Inverse UCITS ETF Acc,,,,,,,,,,,2026-10-07T19:49:23.445Z
0Y8J,UBS ETF (IE) MSCI ACWI SF UCITS ETF (hedged to GBP) A-UKdis,,,,,,,,,,,2026-10-07T19:49:23.533Z
0Y8I,UBS MSCI ACWI SF UCITS ETF (hedged to EUR) A-UKdis,,,,,,,,,,,2026-10-07T19:49:23.611Z
0Y7Z,UBS ETF (IE) MSCI United Kingdom IMI Socially Responsible UCITS ETF (hedged to EUR) A Acc,,,,,,,,,,,2026-10-07T19:49:23.693Z
0Y7W,UBS MSCI ACWI SF UCITS ETF hCHF acc,,,,,,,,,,,2026-10-07T19:49:23.777Z
0Y7V,UBS MSCI ACWI Universal UCITS ETF hEUR acc,,,,,,,,,,,2026-10-07T19:49:23.863Z
YMAG,YieldMax Magnificent 7 Fund of Option Income ETFs,,,,,,,,,,,2026-10-07T19:49:23.945Z
SLVG,Sprott Silver Miners & Physical Silver UCITS ETF – Acc,,,,,,,,,,,2026-10-07T19:49:24.026Z
SXLP,State Street SPDR S&P U.S. Consumer Staples Select Sector UCITS ETF (Acc),,,,,,,,,,,2026-10-07T19:49:24.110Z
SP5G,Amundi Core S&P 500 Swap UCITS ETF GBP Hedged Dist,,,,,,,,,,,2026-10-07T19:49:24.206Z
SUK2,L&G FTSE 100 Super Short Strategy (Daily 2x) UCITS ETF,,,,,,,,,,,2026-10-07T19:49:24.289Z
SPPG,SPDR S&P 500 GBP Hedged UCITS ETF (Dist),,,,,,,,,,,2026-10-07T19:49:24.384Z
SPTG,BNP Paribas Easy S&P 500 II UCITS ETF USD (Acc),,,,,,,,,,,2026-10-07T19:49:24.469Z
SPX5,SPDR S&P 500 UCITS ETF (Dist),,,,,,,,,,,2026-10-07T19:49:24.553Z
0Y6S,Invesco S&P 500 UCITS ETF EUR Hdg Acc,,,,,,,,,,,2026-10-07T19:49:24.642Z
0xC9,BNP Paribas Easy S&P 500 UCITS ETF USD C/D Class H,,,,,,,,,,,2026-10-07T19:49:24.729Z
0xC5,BNP Paribas Easy S&P 500 UCITS ETF EUR C,,,,,,,,,,,2026-10-07T19:49:24.830Z
0Y4H,UBS Core MSCI USA hEUR UCITS ETF EUR acc,,,,,,,,,,,2026-10-07T19:49:24.913Z
0Y4G,UBS Core MSCI USA UCITS ETF EUR Hedged,,,,,,,,,,,2026-10-07T19:49:24.996Z
0Y4F,UBS MSCI Australia UCITS ETF AUD,,,,,,,,,,,2026-10-07T19:49:25.084Z
0Y48,UBS Core S&P 500 UCITS ETF hCHF acc,,,,,,,,,,,2026-10-07T19:49:25.174Z
0Y3F,iShares MSCI World CHF Hedged UCITS ETF (Acc),,,,,,,,,,,2026-10-07T19:49:25.268Z
0Y37,UBS ETF MSCI World UCITS ETF USD dis,,,,,,,,,,,2026-10-07T19:49:25.365Z
0WA4,Amundi FTSE MIB Daily (2x) Leveraged UCITS ETF Dist,,,,,,,,,,,2026-10-07T19:49:25.459Z
VLUE,iShares MSCI USA Value Factor ETF,,,,,,,,,,,2026-10-07T19:49:25.544Z
JPSG,iShares MSCI Japan SRI GBP Hedged UCITS ETF,,,,,,,,,,,2026-10-07T19:49:25.635Z
JPXX,Amundi MSCI Japan SRI Climate Paris Aligned UCITS ETF DR - GBP Hedged (C),,,,,,,,,,,2026-10-07T19:49:25.715Z
BBDS,JPMorgan BetaBuilders US Small Cap Equity UCITS ETF USD (acc),,,,,,,,,,,2026-10-07T19:49:25.796Z
BBCS,JPMorgan BetaBuilders U.S. Small Cap Equity UCITS ETF,,,,,,,,,,,2026-10-07T19:49:25.875Z
UC44,UBS MSCI World Socially Responsible UCITS ETF USD Dis,,,,,,,,,,,2026-10-07T19:49:25.965Z
JEDG,VanEck Space Innovators UCITS ETF,,,,,,,,,,,2026-10-07T19:49:26.069Z
JRCD,JPMorgan China A-Share Research Enhanced Index UCITS ETF,,,,,,,,,,,2026-10-07T19:49:26.156Z
JRDU,JPM US Research Enhanced Index Equity Active UCITS ETF USD (acc),,,,,,,,,,,2026-10-07T19:49:26.256Z
XEOU,Xtrackers MSCI Europe UCITS ETF 2C USD Hedged,,,,,,,,,,,2026-10-07T19:49:26.351Z
JPGL,JPMorgan Global Equity Multi-Factor UCITS ETF USD Accumulating,,,,,,,,,,,2026-10-07T19:49:26.442Z
JPJP,SPDR MSCI Japan UCITS ETF,,,,,,,,,,,2026-10-07T19:49:26.532Z
UC55,UBS MSCI World UCITS ETF USD dis,,,,,,,,,,,2026-10-07T19:49:26.619Z
CBRX,Tradr 2X Long CBRS Daily ETF,,,,,,,,,,,2026-10-07T19:49:26.700Z
CBS5,UBS ETF (IE) Plc - US Liquid Corporates 1-5 Year UCITS ETF,,,,,,,,,,,2026-10-07T19:49:26.780Z
BBSU,JPMorgan BetaBuilders US Equity UCITS ETF USD (Acc),,,,,,,,,,,2026-10-07T19:49:26.860Z
JRDZ,JPMorgan Eurozone Research Enhanced Index Equity (ESG) UCITS ETF EUR (dist),,,,,,,,,,,2026-10-07T19:49:26.952Z
JSUD,JPMorgan US Research Enhanced Index Equity SRI Paris Aligned Active UCITS ETF USD (dist),,,,,,,,,,,2026-10-07T19:49:27.034Z
JSUG,JPMorgan US Research Enhanced Index Equity SRI Paris Aligned Active UCITS ETF,,,,,,,,,,,2026-10-07T19:49:27.119Z
UGRW,WisdomTree UK Quality Dividend Growth UCITS ETF GBP,,,,,,,,,,,2026-10-07T19:49:27.201Z
UB0A,UBS ETF (IE) MSCI USA UCITS ETF (hedged to GBP) A-acc,,,,,,,,,,,2026-10-07T19:49:27.291Z
JUHG,JPM US Research Enhanced Index Equity Active UCITS ETF,,,,,,,,,,,2026-10-07T19:49:27.374Z
XESE,Xtrackers MSCI Emerging Markets ESG UCITS ETF 1C,,,,,,,,,,,2026-10-07T19:49:27.461Z
JEAQ,JPM Nasdaq Equity Premium Income Active UCITS ETF USD (acc),,,,,,,,,,,2026-10-07T19:49:27.545Z
JEAI,JPMorgan US Equity Premium Income Active UCITS ETF USD Acc,,,,,,,,,,,2026-10-07T19:49:27.627Z
JEAG,JPMorgan Global Equity Premium Income Active UCITS ETF USD (Accumulating),,,,,,,,,,,2026-10-07T19:49:27.709Z
JRUW,JPMorgan All Country World Research Enhanced Index Equity Active UCITS ETF,,,,,,,,,,,2026-10-07T19:49:27.796Z
BCOG,L&G All Commodities UCITS ETF,,,,,,,,,,,2026-10-07T19:49:27.877Z
0MLG,iShares MDAX UCITS ETF (DE) EUR (Acc),,,,,,,,,,,2026-10-07T19:49:27.957Z
0MLH,iShares Core DAX® UCITS ETF (DE) EUR (Acc),,,,,,,,,,,2026-10-07T19:49:28.040Z
0MLJ,iShares Core EURO STOXX 50 UCITS ETF (DE),,,,,,,,,,,2026-10-07T19:49:28.121Z
0MLD,iShares STOXX Europe 600 UCITS ETF (DE),,,,,,,,,,,2026-10-07T19:49:28.201Z
XDWG,Xtrackers MSCI World UCITS ETF 2D - GBP Hedged,,,,,,,,,,,2026-10-07T19:49:28.290Z
XDWK,Xtrackers MSCI World UCITS ETF 1D,,,,,,,,,,,2026-10-07T19:49:28.388Z
0MLC,iShares STOXX Europe Select Dividend 30 UCITS ETF (DE),,,,,,,,,,,2026-10-07T19:49:28.473Z
XDPG,Xtrackers S&P 500 UCITS ETF 2C - GBP Hedged,,,,,,,,,,,2026-10-07T19:49:28.557Z
JGEP,JPMorgan Global Research Enhanced Index Equity Active UCITS ETF USD (acc),,,,,,,,,,,2026-10-07T19:49:28.640Z
XDPP,Xtrackers S&P 500 UCITS ETF 4C,,,,,,,,,,,2026-10-07T19:49:28.724Z
BTEE,iShares Nasdaq US Biotechnology UCITS ETF USD (Dist),,,,,,,,,,,2026-10-07T19:49:28.807Z
XDNS,Xtrackers MSCI Japan Screened UCITS ETF 1D,,,,,,,,,,,2026-10-07T19:49:28.895Z
UKSA,UBS MSCI United Kingdom IMI Socially Responsible UCITS ETF GBP dis,,,,,,,,,,,2026-10-07T19:49:28.987Z
JMRE,JPMorgan Global Emerging Markets Research Enhanced Index Equity (ESG) UCITS ETF USD (acc),,,,,,,,,,,2026-10-07T19:49:29.072Z
0MLU,iShares Dow Jones Global Titans 50 UCITS ETF (DE),,,,,,,,,,,2026-10-07T19:49:29.150Z
JPAG,JPMorgan All Country REI Paris Aligned Equity Active UCITS ETF - USD (acc),,,,,,,,,,,2026-10-07T19:49:29.248Z
CAPU,Ossiam Shiller Barclays CAPE® Europe Sector Value TR UCITS ETF 1C (EUR),,,,,,,,,,,2026-10-07T19:49:29.366Z
BNKS,Betashares Global Banks ETF – Currency Hedged,,,,,,,,,,,2026-10-07T19:49:29.633Z
JERA,JPMorgan Europe Research Enhanced Index Equity (ESG) UCITS ETF EUR (acc),,,,,,,,,,,2026-10-07T19:49:29.754Z
CAKE,Calamos Autocallable Income UCITS ETF USD Acc,,,,,,,,,,,2026-10-07T19:49:29.840Z
CALF,Pacer US Small Cap Cash Cows ETF,,,,,,,,,,,2026-10-07T19:49:29.933Z
0MLQ,iShares EURO STOXX Banks 30-15 UCITS ETF (DE),,,,,,,,,,,2026-10-07T19:49:30.075Z
BKCN,WisdomTree Blockchain UCITS ETF - USD Acc,,,,,,,,,,,2026-10-07T19:49:30.161Z
JEPQ,JPMorgan Nasdaq Equity Premium Income ETF,,,,,,,,,,,2026-10-07T19:49:30.274Z
CAPE,DoubleLine Shiller CAPE U.S. Equities ETF,,,,,,,,,,,2026-10-07T19:49:30.425Z
XDNG,Xtrackers MSCI Japan Screened UCITS ETF 2D GBP Hedged,,,,,,,,,,,2026-10-07T19:49:30.526Z
JUKC,JPM UK Equity Core Active UCITS ETF - GBP (acc),,,,,,,,,,,2026-10-07T19:49:30.613Z
IUSF,iShares MSCI USA Mid-Cap Equal Weight UCITS ETF USD (Acc),,,,,,,,,,,2026-10-07T19:49:30.703Z
MAMG,iShares Moderate Portfolio UCITS ETF,,,,,,,,,,,2026-10-07T19:49:30.785Z
CEA1,iShares MSCI EM Asia UCITS ETF USD (Acc),,,,,,,,,,,2026-10-07T19:49:30.869Z
AMEG,Amundi MSCI Emerging Markets SRI PAB UCITS ETF EUR (D),,,,,,,,,,,2026-10-07T19:49:30.954Z
XDEB,Xtrackers MSCI World Minimum Volatility UCITS ETF 1C,,,,,,,,,,,2026-10-07T19:49:31.033Z
JUNQ,First Trust Vest Nasdaq-100® Moderate Buffer UCITS ETF - June Class A ACC,,,,,,,,,,,2026-10-07T19:49:31.126Z
0DMT,Xtrackers II EUR Overnight Rate Swap UCITS ETF 1C,,,,,,,,,,,2026-10-07T19:49:31.205Z
XD5S,Xtrackers MSCI EMU UCITS ETF 2C GBP,,,,,,,,,,,2026-10-07T19:49:31.295Z
CEG2,Amundi Core MSCI Europe UCITS ETF Acc,,,,,,,,,,,2026-10-07T19:49:31.384Z
MLPQ,UBS ETRACS 2xMonthly Leveraged Alerian MLP Infrastructure Index ETN SeriesB,,,,,,,,,,,2026-10-07T19:49:31.466Z
MPXG,Amundi Index MSCI Pacific Ex Japan SRI PAB UCITS ETF DR USD (C),,,,,,,,,,,2026-10-07T19:49:31.553Z
MTVG,L&G Metaverse UCITS ETF USD Acc,,,,,,,,,,,2026-10-07T19:49:31.642Z
MSAP,Invesco MSCI Saudi Arabia UCITS ETF,,,,,,,,,,,2026-10-07T19:49:31.724Z
METL,Sprott Active Metals & Miners ETF,,,,,,,,,,,2026-10-07T19:49:31.805Z
METP,ETC Group Global Metaverse UCITS ETF,,,,,,,,,,,2026-10-07T19:49:31.886Z
TPXG,Amundi Japan Topix UCITS ETF JPY,,,,,,,,,,,2026-10-07T19:49:31.976Z
XDNU,Xtrackers MSCI Japan Screened UCITS ETF 4C USD Hedged,,,,,,,,,,,2026-10-07T19:49:32.061Z
LCJG,Amundi Core MSCI Japan UCITS ETF GBP Hedged Acc,,,,,,,,,,,2026-10-07T19:49:32.163Z
TSGB,VanEck World Equal Weight Screened UCITS ETF,,,,,,,,,,,2026-10-07T19:49:32.265Z
LDGG,L&G Global Quality Dividends UCITS ETF USD Dist,,,,,,,,,,,2026-10-07T19:49:32.362Z
KNG,FT Vest S&P 500 Dividend Aristocrats Target Income ETF,,,,,,,,,,,2026-10-07T19:49:32.452Z
LAB2,L&G Global Brands UCITS ETF USD Acc,,,,,,,,,,,2026-10-07T19:49:32.535Z
AUEG,Amundi MSCI Emerging Markets Swap UCITS ETF USD Acc,,,,,,,,,,,2026-10-07T19:49:32.617Z
AUGA,UBS (Irl) ETF plc – MSCI Australia UCITS ETF (hedged to GBP) A-acc,,,,,,,,,,,2026-10-07T19:49:32.706Z
AVGS,Avantis Global Small Cap Value UCITS ETF USD Acc,,,,,,,,,,,2026-10-07T19:49:32.795Z
U57G,Multi Units France - Lyxor UCITS ETF iBoxx $ Treasuries 5-7Y ,,,,,,,,,,,2026-10-07T19:49:32.889Z
KWBP,KraneShares CSI China Internet UCITS ETF GBP,,,,,,,,,,,2026-10-07T19:49:32.973Z
AVCG,Avantis Global Equity UCITS ETF USD Acc,,,,,,,,,,,2026-10-07T19:49:33.060Z
AVEG,Avantis Emerging Markets Equity UCITS ETF,,,,,,,,,,,2026-10-07T19:49:33.145Z
LGUK,L&G UK Equity UCITS ETF GBP Acc,,,,,,,,,,,2026-10-07T19:49:33.234Z
ASPY,L&G Cyber Security Innovation UCITS ETF USD Accumulating,,,,,,,,,,,2026-10-07T19:49:33.323Z
XESW,Xtrackers MSCI World ESG UCITS ETF 1C,,,,,,,,,,,2026-10-07T19:49:33.423Z
CCAU,iShares MSCI Canada UCITS ETF USD (Acc),,,,,,,,,,,2026-10-07T19:49:33.520Z
APRF,FT US Equity Buffer UCITS ETF - April,,,,,,,,,,,2026-10-07T19:49:33.606Z
XEWG,Xtrackers S&P 500 Equal Weight UCITS ETF 1D Hedged GBP,,,,,,,,,,,2026-10-07T19:49:33.695Z
ARCK,ARK Innovation UCITS ETF,,,,,,,,,,,2026-10-07T19:49:33.783Z
LUK2,L&G FTSE 100 Leveraged (Daily 2x) UCITS ETF,,,,,,,,,,,2026-10-07T19:49:33.869Z
LOWV,AB US Low Volatility Equity ETF,,,,,,,,,,,2026-10-07T19:49:33.953Z
ARCX,Tradr 2X Long ACHR Daily ETF,,,,,,,,,,,2026-10-07T19:49:34.038Z
KLWD,WisdomTree Cloud Computing UCITS ETF USD Acc,,,,,,,,,,,2026-10-07T19:49:34.122Z
INDO,Amundi MSCI Indonesia UCITS ETF Acc,,,,,,,,,,,2026-10-07T19:49:34.208Z
USRIH,Amundi MSCI USA SRI Climate Paris Aligned UCITS ETF Acc EUR Hedged,,,,,,,,,,,2026-10-07T19:49:34.289Z
FORTE,Fineco AM Active Collection US UCITS ETF,,,,,,,,,,,2026-10-07T19:49:34.374Z
URNJ,Sprott Junior Uranium Miners ETF,,,,,,,,,,,2026-10-07T19:49:34.463Z
INQQ,INQQ The India Internet ETF,,,,,,,,,,,2026-10-07T19:49:34.546Z
IQGA,Invesco Global Enhanced Equity UCITS ETF Acc,,,,,,,,,,,2026-10-07T19:49:34.642Z
PRFD,PIMCO Preferred and Capital Securities Active Exchange-Traded Fund,,,,,,,,,,,2026-10-07T19:49:34.729Z
HEDJ,WisdomTree Europe Hedged Equity Fund,,,,,,,,,,,2026-10-07T19:49:34.813Z
PSRW,Invesco FTSE RAFI All-World 3000 UCITS ETF Dist,,,,,,,,,,,2026-10-07T19:49:34.902Z
LUSA,Amundi MSCI USA ESG Broad Transition UCITS ETF,,,,,,,,,,,2026-10-07T19:49:34.983Z
LAFRI,Amundi Pan Africa UCITS ETF Acc,,,,,,,,,,,2026-10-07T19:49:35.063Z
PAJP,Invesco MSCI Japan ESG Climate Paris Aligned UCITS ETF Acc,,,,,,,,,,,2026-10-07T19:49:35.141Z
HNSC,HSBC Nasdaq Global Semiconductor UCITS ETF,,,,,,,,,,,2026-10-07T19:49:35.223Z
MONEJ,Fineco AM ESTR Plus UCITS ETF,,,,,,,,,,,2026-10-07T19:49:35.313Z
N400,Invesco JPX-Nikkei 400 UCITS ETF,,,,,,,,,,,2026-10-07T19:49:35.398Z
NTSX,WisdomTree U.S. Efficient Core Fund,,,,,,,,,,,2026-10-07T19:49:35.482Z
KSTR,KraneShares SSE STAR Market 50 Index ETF,,,,,,,,,,,2026-10-07T19:49:35.566Z
HIDIJ,Fineco Asset Management MSCI World High Dividend Yield UCITS ETF,,,,,,,,,,,2026-10-07T19:49:35.645Z
KOR,Amundi MSCI Korea UCITS ETF Acc,,,,,,,,,,,2026-10-07T19:49:35.725Z
SP5EUY,UBS Core S&P 500 UCITS ETF USD dis,,,,,,,,,,,2026-10-07T19:49:35.811Z
SPAB,State Street SPDR Portfolio Aggregate Bond ETF,,,,,,,,,,,2026-10-07T19:49:35.893Z
IEUX,iShares MSCI Europe ex-UK UCITS ETF,,,,,,,,,,,2026-10-07T19:49:35.972Z
GCOR,Goldman Sachs Access U.S. Aggregate Bond ETF,,,,,,,,,,,2026-10-07T19:49:36.053Z
RU2E,iShares Russell 2000 Swap UCITS ETF,,,,,,,,,,,2026-10-07T19:49:36.138Z
S500H,Amundi S&P 500 ESG UCITS ETF Acc,,,,,,,,,,,2026-10-07T19:49:36.220Z
IBZL,iShares MSCI Brazil UCITS ETF USD (Dist),,,,,,,,,,,2026-10-07T19:49:36.301Z
JPNEUA,UBS ETF (LU) MSCI Japan UCITS ETF (GBP) A-dis,,,,,,,,,,,2026-10-07T19:49:36.383Z
JPNE,UBS Core MSCI Japan UCITS ETF hEUR acc,,,,,,,,,,,2026-10-07T19:49:36.469Z
CITE,UBS Solactive China Technology UCITS ETF hEUR acc,,,,,,,,,,,2026-10-07T19:49:36.549Z
CMOE,Invesco Bloomberg Commodity UCITS ETF EUR Hedged Acc,,,,,,,,,,,2026-10-07T19:49:36.632Z
CNYE,iShares MSCI China A UCITS ETF EUR Hedged (Acc),,,,,,,,,,,2026-10-07T19:49:36.712Z
COME,State Street SPDR Commodity UCITS ETF,,,,,,,,,,,2026-10-07T19:49:36.791Z
XDWY,Xtrackers MSCI World Screened UCITS ETF 1D,,,,,,,,,,,2026-10-07T19:49:36.870Z
XDWI,Xtrackers MSCI World Industrials UCITS ETF 1C,,,,,,,,,,,2026-10-07T19:49:36.951Z
XDWH,Xtrackers MSCI World Health Care UCITS ETF 1C,,,,,,,,,,,2026-10-07T19:49:37.033Z
BTC,Grayscale Bitcoin Mini Trust ETF,,,,,,,,,,,2026-10-07T19:49:37.114Z
XDW0,Xtrackers MSCI World Energy UCITS ETF 1C,,,,,,,,,,,2026-10-07T19:49:37.197Z
XDEX,Xtrackers MSCI Emerging Markets ex China UCITS ETF 1C,,,,,,,,,,,2026-10-07T19:49:37.277Z
XD9E,Xtrackers MSCI USA UCITS ETF 2C EUR Hedged,,,,,,,,,,,2026-10-07T19:49:37.360Z
CEB7,iShares S&P 500 Swap UCITS ETF EUR Hedged (Acc),,,,,,,,,,,2026-10-07T19:49:37.446Z
XCS5,Xtrackers MSCI India Swap UCITS ETF 1C,,,,,,,,,,,2026-10-07T19:49:37.526Z
X500,Xtrackers S&P 500 Swap II UCITS ETF 1C,,,,,,,,,,,2026-10-07T19:49:37.605Z
DFE,WisdomTree Europe SmallCap Dividend Fund,,,,,,,,,,,2026-10-07T19:49:37.687Z
WITA,Investlinx Intermonte Valore Italia Active PIR UCITS ETF,,,,,,,,,,,2026-10-07T19:49:37.772Z
ENERW,Amundi S&P World Energy Screened UCITS ETF Acc,,,,,,,,,,,2026-10-07T19:49:37.848Z
ENTR,ERShares Private-Public Crossover ETF,,,,,,,,,,,2026-10-07T19:49:37.931Z
EENG,BNP Paribas Easy ECPI Global ESG Infrastructure UCITS ETF EUR Capitalisation,,,,,,,,,,,2026-10-07T19:49:38.013Z
DHS,WisdomTree U.S. High Dividend Fund,,,,,,,,,,,2026-10-07T19:49:38.092Z
DIVO,Amplify CWP Enhanced Dividend Income ETF,,,,,,,,,,,2026-10-07T19:49:38.177Z
DXEU,DWS Xtrackers MSCI Europe Screened UCITS ETF,,,,,,,,,,,2026-10-07T19:49:38.260Z
DXUSH,D-X MSCI USA Smart Construction UCITS ETF,,,,,,,,,,,2026-10-07T19:49:38.344Z
DXWO,DWS Xtrackers MSCI World Screened UCITS ETF,,,,,,,,,,,2026-10-07T19:49:38.431Z
E50ESG,UBS EURO STOXX 50 ESG UCITS ETF EUR dis,,,,,,,,,,,2026-10-07T19:49:38.509Z
E50EUA,UBS EURO STOXX 50 UCITS ETF EUR dis,,,,,,,,,,,2026-10-07T19:49:38.590Z
EACW,SPDR MSCI All Country World EUR Hdg UCITS ETF (Acc),,,,,,,,,,,2026-10-07T19:49:38.675Z
BBUS,JPMorgan BetaBuilders U.S. Equity ETF,,,,,,,,,,,2026-10-07T19:49:38.756Z
AASI,Amundi MSCI Emerging Markets Asia UCITS ETF EUR (C),,,,,,,,,,,2026-10-07T19:49:38.846Z
ACSW.EUR,iShares MSCI ACWI Swap UCITS ETF,,,,,,,,,,,2026-10-07T19:49:38.933Z
29GI,iShares iBonds Dec 2029 Term € Corp UCITS ETF,,,,,,,,,,,2026-10-07T19:49:39.008Z
XEWE,Xtrackers S&P 500 Equal Weight ESG UCITS ETF 2C EUR,,,,,,,,,,,2026-10-07T19:49:39.041Z
AWDSE,BNP Paribas Easy S&P World UCITS ETF,,,,,,,,,,,2026-10-07T19:49:39.079Z
AWESG,UBS MSCI ACWI Universal UCITS Fund A USD Institutional,,,,,,,,,,,2026-10-07T19:49:39.113Z
AEEM,Amundi MSCI Emerging Markets Swap UCITS ETF EUR Acc,,,,,,,,,,,2026-10-07T19:49:39.146Z
XMAW,Xtrackers MSCI AC World Screened UCITS ETF 1C,,,,,,,,,,,2026-10-07T19:49:39.188Z
AIQU,MicroSectors 3x Long Artificial Intelligence ETNs,,,,,,,,,,,2026-10-07T19:49:39.222Z
ANAU.ETFP,AXA IM NASDAQ 100 UCITS ETF USD Acc,,,,,,,,,,,2026-10-07T19:49:39.257Z
ARKG,ARK Genomic Revolution ETF,,,,,,,,,,,2026-10-07T19:49:39.291Z
ARKK,ARK Innovation ETF,,,,,,,,,,,2026-10-07T19:49:39.326Z
EQAC,Invesco EQQQ NASDAQ-100 UCITS ETF Acc,,,,,,,,,,,2026-10-07T19:49:39.364Z
FLQA,Franklin FTSE Asia ex China ex Japan UCITS ETF,,,,,,,,,,,2026-10-07T19:49:39.398Z
ETY,UBS (Lux) Fund Solutions – EUR Total Return Yield Plus UCITS ETF,,,,,,,,,,,2026-10-07T19:49:39.433Z
WCOA,WisdomTree Enhanced Commodity UCITS ETF - USD Acc,,,,,,,,,,,2026-10-07T19:49:39.463Z
EUE,iShares Core EURO STOXX 50 UCITS ETF EUR (Dist),,,,,,,,,,,2026-10-07T19:49:39.499Z
FINX,Global X FinTech ETF,,,,,,,,,,,2026-10-07T19:49:39.528Z
ETFMIB,Amundi FTSE MIB UCITS ETF Dist,,,,,,,,,,,2026-10-07T19:49:44.822Z
ETFUSA,Amundi Core MSCI USA UCITS ETF Dist,,,,,,,,,,,2026-10-07T19:49:44.864Z
PTPXE,Amundi PEA Japan (TOPIX) UCITS ETF EUR Acc,,,,,,,,,,,2026-10-07T19:49:44.892Z
CEM,Amundi MSCI Europe ESG Broad Transition UCITS ETF - EUR (C),,,,,,,,,,,2026-10-07T19:49:44.935Z
TPXE,Amundi Japan Topix UCITS ETF Daily Hedged EUR (C),,,,,,,,,,,2026-10-07T19:49:44.980Z
DCAM,Amundi PEA Monde (MSCI World) UCITS ETF Acc,,,,,,,,,,,2026-10-07T19:49:45.013Z
DSP5,Amundi S&P 500 Daily (-2x) Inverse UCITS ETF Acc - USD,,,,,,,,,,,2026-10-07T19:49:45.047Z
IWDS.EUR,iShares MSCI World Swap UCITS ETF USD Acc,,,,,,,,,,,2026-10-07T19:49:45.084Z
DRAM.XPAR,Roundhill Memory ETF,,,,,,,,,,,2026-10-07T19:49:45.121Z
CN1,Amundi MSCI Nordic UCITS ETF - EUR (C),,,,,,,,,,,2026-10-07T19:49:45.157Z
PTPXH,Amundi PEA TOPIX H UCITS ETF,,,,,,,,,,,2026-10-07T19:49:45.198Z
ISRA,VanEck Israel ETF,,,,,,,,,,,2026-10-07T19:49:45.233Z
EXSE,iShares STOXX Europe Small 200 UCITS ETF (DE),,,,,,,,,,,2026-10-07T19:49:45.271Z
GGRI,WisdomTree Global Quality Dividend Growth UCITS ETF,,,,,,,,,,,2026-10-07T19:49:45.312Z
CM5E,CM-AM Euro Stoxx 50 UCITS ETF,,,,,,,,,,,2026-10-07T19:49:45.370Z
OBLI,Amundi PEA Euro Court Terme UCITS ETF Acc,,,,,,,,,,,2026-10-07T19:49:45.421Z
PCEU,Amundi PEA MSCI Europe UCITS ETF Acc,,,,,,,,,,,2026-10-07T19:49:45.485Z
PALAT,Amundi PEA MSCI Emerging Latin America Selection UCITS ETF Acc,,,,,,,,,,,2026-10-07T19:49:45.518Z
ALLCE,BNP Paribas Easy MSCI ACWI UCITS ETF,,,,,,,,,,,2026-10-07T19:49:45.549Z
DAX,Global X DAX Germany ETF,,,,,,,,,,,2026-10-07T19:49:45.586Z
AJASR,BNP Paribas Easy ESG Enhanced Japan UCITS ETF,,,,,,,,,,,2026-10-07T19:49:45.612Z
PAASI,Amundi PEA Asie Emergente (MSCI Emerging Asia) Screened UCITS ETF EUR (C/D),,,,,,,,,,,2026-10-07T19:49:45.646Z
OVNI,BNP Paribas Easy EUR Overnight PEA UCITS ETF,,,,,,,,,,,2026-10-07T19:49:45.677Z
AWDSR,BNP Paribas Easy MSCI World Equal Weight Select UCITS ETF EUR (Acc),,,,,,,,,,,2026-10-07T19:49:45.706Z
EUSC,Amundi MSCI Europe Screened UCITS ETF Acc,,,,,,,,,,,2026-10-07T19:49:45.744Z
AWAT,Amundi PEA Eau (MSCI Water) UCITS ETF Capi,,,,,,,,,,,2026-10-07T19:49:45.776Z
WLDC,Amundi MSCI World II UCITS ETF Acc,,,,,,,,,,,2026-10-07T19:49:45.807Z
ELLE,Amundi Global Gender Equality UCITS ETF Acc,,,,,,,,,,,2026-10-07T19:49:45.831Z
AUSSD,BNP Paribas European Select UCITS ETF,,,,,,,,,,,2026-10-07T19:49:45.858Z
50E,HSBC EURO STOXX 50 UCITS ETF,,,,,,,,,,,2026-10-07T19:49:45.887Z
LWCR,Amundi MSCI World ESG Broad Transition UCITS ETF Acc,,,,,,,,,,,2026-10-07T19:49:45.915Z
WPEH,iShares MSCI World Swap PEA UCITS ETF EUR (Acc),,,,,,,,,,,2026-10-07T19:49:45.949Z
QTOP.EUR,iShares Nasdaq Top 30 Stocks ETF,,,,,,,,,,,2026-10-07T19:49:45.982Z
GLOB,Barrow Hanley Global Share Fund,,,,,,,,,,,2026-10-07T19:49:46.010Z
ROE,Astoria US Equal Weight Quality Kings ETF,,,,,,,,,,,2026-10-07T19:49:46.041Z
CLEM,Amundi MSCI Emerging Markets ESG Broad Transition UCITS ETF DR (C),,,,,,,,,,,2026-10-07T19:49:46.079Z
MXUS,Invesco MSCI USA UCITS ETF,,,,,,,,,,,2026-10-07T19:49:46.110Z
INGS,ING Groep N.V.,,,,,,,,,,,2026-10-07T19:49:46.140Z
AUCO,L&G Gold Mining UCITS ETF,,,,,,,,,,,2026-10-07T19:49:46.176Z
JREU.USD,JPM US Research Enhanced Index Equity Active UCITS ETF USD (acc),,,,,,,,,,,2026-10-07T19:49:46.212Z
WEBH,Amundi Core MSCI USA UCITS ETF Acc,,,,,,,,,,,2026-10-07T19:49:46.239Z
JPNCHF,UBS Core MSCI Japan UCITS ETF hCHF acc,,,,,,,,,,,2026-10-07T19:49:46.271Z
XDN0,Xtrackers MSCI Nordic UCITS ETF 1D,,,,,,,,,,,2026-10-07T19:49:46.304Z
XDWS,Xtrackers MSCI World Consumer Staples UCITS ETF 1C,,,,,,,,,,,2026-10-07T19:49:46.336Z
UKCHF,UBS MSCI United Kingdom UCITS ETF hCHF acc,,,,,,,,,,,2026-10-07T19:49:46.364Z
UKUSD,UBS ETF (LU) MSCI United Kingdom UCITS ETF (USD Hedged) A-acc,,,,,,,,,,,2026-10-07T19:49:46.395Z
CBUS5A,UBS (Lux) Fund Solutions – Bloomberg US Liquid Corporates 1-5 Year UCITS ETF,,,,,,,,,,,2026-10-07T19:49:46.429Z
XDPC,Xtrackers S&P 500 UCITS ETF 3C CHF hedged,,,,,,,,,,,2026-10-07T19:49:46.457Z
C9DF,Frankfurter UCITS ETF Modern Value,,,,,,,,,,,2026-10-07T19:49:46.482Z
LUSAC,Amundi MSCI USA ESG Broad Transition UCITS ETF,,,,,,,,,,,2026-10-07T19:49:46.518Z
CATH,Global X S&P 500 Catholic Values ETF,,,,,,,,,,,2026-10-07T19:49:46.543Z
BRIXU,BNP Paribas Easy MSCI Emerging UCITS ETF,,,,,,,,,,,2026-10-07T19:49:46.566Z
MLPD,Global X MLP & Energy Infrastructure Covered Call ETF,,,,,,,,,,,2026-10-07T19:49:46.594Z
C50U,Amundi Core EURO STOXX 50 UCITS ETF USD Acc,,,,,,,,,,,2026-10-07T19:49:46.621Z
USCHF,Amundi Core MSCI USA UCITS ETF CHF Hedged Acc,,,,,,,,,,,2026-10-07T19:49:46.648Z
EWSP,iShares S&P 500 Equal Weight UCITS ETF USD (Acc),,,,,,,,,,,2026-10-07T19:49:46.676Z
BLKC,iShares Blockchain Technology UCITS ETF USD (Acc),,,,,,,,,,,2026-10-07T19:49:46.706Z
LDEG,L&G Europe ex-UK Quality Dividends Equal Weight UCITS ETF,,,,,,,,,,,2026-10-07T19:49:46.735Z
XD9C,Xtrackers MSCI USA UCITS ETF 3C CHF Hedged,,,,,,,,,,,2026-10-07T19:49:46.762Z
METR,ETC Group Global Metaverse UCITS ETF,,,,,,,,,,,2026-10-07T19:49:46.790Z
TPXH,Amundi Japan Topix UCITS ETF Daily Hedged EUR (C),,,,,,,,,,,2026-10-07T19:49:46.816Z
DXJ,WisdomTree Japan Hedged Equity Fund,,,,,,,,,,,2026-10-07T19:49:46.841Z
WORLD,UBS Core MSCI World UCITS ETF hCHF acc,,,,,,,,,,,2026-10-07T19:49:46.878Z
500X,SPDR S&P 500 Leaders UCITS ETF USD Unhedged (Acc),,,,,,,,,,,2026-10-07T19:49:46.910Z
HIEM,HSBC MSCI Emerging Markets Islamic Screened Capped UCITS ETF USD (Acc),,,,,,,,,,,2026-10-07T19:49:46.949Z
FTAD,SPDR FTSE UK All Share UCITS ETF (Dist),,,,,,,,,,,2026-10-07T19:49:46.984Z
DJSXE,iShares EURO STOXX 50 UCITS ETF ,,,,,,,,,,,2026-10-07T19:49:47.017Z
PFXT,Post Finance Group xTrackers UCITS ETF,,,,,,,,,,,2026-10-07T19:49:47.046Z
EMRD,State Street SPDR MSCI Emerging Markets UCITS ETF USD,,,,,,,,,,,2026-10-07T19:49:47.074Z
EMUCHF,UBS Core MSCI EMU UCITS ETF hCHF acc,,,,,,,,,,,2026-10-07T19:49:47.101Z
EMUUSD,UBS Core MSCI EMU UCITS ETF hUSD acc,,,,,,,,,,,2026-10-07T19:49:47.129Z
ESGWO,Amundi MSCI World ESG Selection UCITS ETF,,,,,,,,,,,2026-10-07T19:49:47.158Z
VMID,Vanguard FTSE 250 UCITS ETF (GBP) Accumulating,,,,,,,,,,,2026-10-07T19:49:47.182Z
SF1CHA,UBS ETF - SBI Foreign AAA-BBB 1-5 UCITS ETF ,,,,,,,,,,,2026-10-07T19:49:47.209Z
SF5CHA,UBS ETF - SBI Foreign AAA-BBB 5-10 UCITS ETF ,,,,,,,,,,,2026-10-07T19:49:47.237Z
VAPU,Vanguard FTSE All-World UCITS ETF (USD) Distributing,,,,,,,,,,,2026-10-07T19:49:47.263Z
SMOT,VanEck Morningstar SMID Moat ETF,,,,,,,,,,,2026-10-07T19:49:47.295Z
SP500H,UBS Core S&P 500 UCITS ETF hGBP dis,,,,,,,,,,,2026-10-07T19:49:47.331Z
VUKE,Vanguard FTSE 100 UCITS ETF (GBP) Accumulating,,,,,,,,,,,2026-10-07T19:49:47.359Z
CSUKX,iShares Core FTSE 100 UCITS ETF GBP (Acc),,,,,,,,,,,2026-10-07T19:49:47.388Z
PACSI,UBS MSCI Pacific Socially Responsible UCITS ETF USD acc,,,,,,,,,,,2026-10-07T19:49:47.419Z
DB19,Xtrackers MSCI USA UCITS ETF 1C,,,,,,,,,,,2026-10-07T19:49:47.459Z
AM70,Amundi MSCI Emerging Markets SRI Climate Paris Aligned UCITS ETF DR (C),,,,,,,,,,,2026-10-07T19:49:47.490Z
AM59,Amundi Euro Stoxx Banks UCITS ETF Acc,,,,,,,,,,,2026-10-07T19:49:47.514Z
CEC,Amundi MSCI Eastern Europe Ex Russia UCITS ETF Acc,,,,,,,,,,,2026-10-07T19:49:47.541Z
DK15,Deka MSCI World UCITS ETF Distribution,,,,,,,,,,,2026-10-07T19:49:47.569Z
AETF,Alpha ETF FTSE Large Cap Equity UCITS,,,,,,,,,,,2026-10-07T19:49:47.596Z
SEURF,SPDR S&P 500 UCITS ETF (Acc),,,,,,,,,,,2026-10-07T19:49:47.620Z
ISVUF,iShares Edge MSCI USA Value Factor UCITS ETF,,,,,,,,,,,2026-10-07T19:49:47.651Z
VFAWF,Vanguard FTSE All-World UCITS ETF (USD) Accumulating,,,,,,,,,,,2026-10-07T19:49:47.682Z
VNGDF,Vanguard S&P 500 UCITS ETF (USD) Distributing,,,,,,,,,,,2026-10-07T19:49:47.716Z
IRSLF,iShares Russell 1000 Value UCITS ETF USD (Acc),,,,,,,,,,,2026-10-07T19:49:47.747Z
VFUUF,Vanguard FTSE North America UCITS ETF (USD) Accumulating,,,,,,,,,,,2026-10-07T19:49:47.772Z
CPTFF,Xtrackers S&P 500 Equal Weight UCITS ETF 1C,,,,,,,,,,,2026-10-07T19:49:47.801Z
VGFPF,Vanguard S&P 500 UCITS ETF (USD) Accumulating (VUAA),,,,,,,,,,,2026-10-07T19:49:47.828Z
JREG,JPMorgan Global Research Enhanced Index Equity Active ETF,,,,,,,,,,,2026-10-07T19:49:47.856Z
H4ZL,HSBC FTSE EPRA NAREIT Developed UCITS ETF,,,,,,,,,,,2026-10-07T19:49:47.888Z
EUN0,iShares Edge MSCI Europe Minimum Volatility UCITS ETF,0.404,8.93,13.23,-0.43,2.6,11.29,3y,11.29,0.25,74.55,2026-09-17T00:00:00.000Z
USSC,SPDR MSCI USA Small Cap Value Weighted UCITS ETF,,,,,,,,,,,2026-10-07T19:49:48.146Z
ALAT,Amundi MSCI Emerging Markets Latin America UCITS ETF EUR (C),,,,,,,,,,,2026-10-07T19:49:48.178Z
FTCS,First Trust Capital Strength ETF,0.482,-2.27,-2.27,4.2,2.05,19.72,SI,,0.46,8.55,2026-10-07T00:00:00.000Z
QDVR,iShares MSCI USA SRI UCITS ETF USD (Acc),0.032,23.16,23.2,5.3,4.71,15.45,3y,15.45,0.8,18.806,2026-10-07T00:00:00.000Z
D5BH,Xtrackers MSCI Canada Screened UCITS ETF 1C,-0.974,10.21,16.25,-2.35,-0.25,14.1,3y,14.1,0.62,109.84,2026-10-07T00:00:00.000Z
FJUL,FT Vest U.S. Equity Buffer ETF - July,0.593,15.25,16.4,5.09,5.22,9.47,1y,,0.49,26.3,2026-10-07T00:00:00.000Z
DBPK,Xtrackers S&P 500 2x Inverse Daily Swap UCITS ETF 1C,1.12,-16.21,-18.09,1.2,-3.42,28.9,3y,28.9,-1.67,0.1354,2026-10-07T00:00:00.000Z
EHDL,Invesco FTSE Emerging Markets High Dividend Low Volatility UCITS ETF,0.019,13.97,20.32,1.5,6.67,13.35,3y,13.35,0.45,26.71,2026-10-07T00:00:00.000Z
2B7A,iShares S&P 500 Utilities Sector UCITS ETF USD (Acc),1.002,1.61,-3.69,-1.07,-6.51,15.78,3y,15.78,0.06,9.175,2026-10-07T00:00:00.000Z
XWEU,Xtrackers MSCI World UCITS ETF 2C EUR Hedged,-0.455,12.14,14.27,0.5,2.27,13.27,3y,13.27,0.81,14.225,2026-10-07T00:00:00.000Z
XS7R,Xtrackers MSCI Europe Financials ESG Screened UCITS ETF 1C,-1.909,10.88,20.42,-6.06,-1.48,16.59,3y,16.59,0.79,87.35,2026-10-07T00:00:00.000Z
6TVM,Amundi S&P 500 II UCITS ETF USD Dist,0.284,20.21,20.07,5.59,6.07,14.68,3y,14.68,0.75,71.946,2026-10-07T00:00:00.000Z
7RIP,The Travel UCITS ETF,-0.302,0.08,9.75,2.49,-5.59,24.54,3y,24.54,1.07,8.926,2026-10-07T00:00:00.000Z
94VE,Global X U.S. Infrastructure Development UCITS ETF USD Accumulating,-2.227,14.34,15.44,0.58,-3.78,21,3y,21,0.83,44.34,2026-10-07T00:00:00.000Z
QQCC,Global X NASDAQ-100 Covered Call ETF,-4.022,6.75,6.75,-1.26,-9.44,49.67,SI,,1.83,4.7125,2026-10-07T00:00:00.000Z
36BZ,iShares MSCI China A UCITS ETF,-0.278,2.44,3.92,-1.51,-6.95,23.11,3y,23.11,0.71,5.02,2026-10-07T00:00:00.000Z
EDED,BNP Paribas Easy S&P 500 II UCITS ETF EUR (Acc),0.098,19.92,20.75,5.47,5.77,12.97,1y,,0.78,14.251,2026-10-07T00:00:00.000Z
ESIS,iShares MSCI Europe Consumer Staples Sector UCITS ETF EUR (Acc),1.155,0.84,3.58,-1.85,-4.34,13.53,3y,13.53,0.14,5.779,2026-10-07T00:00:00.000Z
5HEE,OSSIAM ESG Low Carbon Shiller Barclays US Sector Rotation Mutual Fund,,,,,,,,,,,2026-10-07T19:49:51.524Z
ESIT,iShares MSCI Europe Information Technology Sector UCITS ETF EUR (Acc),-1.499,43.36,49.29,4.96,4.7,25.36,3y,25.36,1.35,12.352,2026-10-07T00:00:00.000Z
SPYU,MAX S&P 500 4X Leveraged ETN,-0.852,9.57,20.9,0.38,-5.44,15.29,3y,15.29,0.28,250.15,2026-10-07T00:00:00.000Z
BJL8,BNP Paribas Easy Bloomberg Europe Defense UCITS ETF Acc,-1.581,-3.26,-10.29,-5.06,-3.04,28.39,1y,,0.81,10.58,2026-10-07T00:00:00.000Z
FWD,AB Disruptors ETF,-0.619,-1.8,-1.8,7.23,-0.91,29.96,SI,,1.38,12.844,2026-10-07T00:00:00.000Z
BUGG,Global X Cybersecurity UCITS ETF USD Accumulating,0.169,24.71,28.99,6.1,4.63,17.17,1y,,1.02,15.414,2026-10-07T00:00:00.000Z
FUSR,Fidelity Sustainable Research Enhanced US Equity UCITS ETF Acc,0.381,20.06,21.1,5.73,6.19,15.28,3y,15.28,0.78,12.662,2026-10-07T00:00:00.000Z
XDWF,Xtrackers MSCI World Financials UCITS ETF 1C,-1.094,8.77,14.14,-3.32,-1.24,15.01,3y,15.01,0.59,40.675,2026-10-07T00:00:00.000Z
EUNY,iShares Emerging Markets Dividend UCITS ETF,-0.356,14.93,23.25,-0.1,6.84,14.53,3y,14.53,0.5,17.368,2026-10-07T00:00:00.000Z
BATE,L&G Battery Value-Chain UCITS ETF,-2.513,1.38,17.89,-5.04,-9.49,26.9,3y,26.9,1.52,25.995,2026-10-07T00:00:00.000Z
UBUT,UBS Factor MSCI USA Quality Screened UCITS ETF USD dis,0.562,21.78,24.78,6.85,6.41,16.25,3y,16.25,0.79,64.41,2026-10-07T00:00:00.000Z
AYEU,iShares Smart City Infrastructure UCITS ETF USD (Acc),-0.771,17.37,16.63,2.61,1.31,16.17,3y,16.17,0.95,9.27,2026-10-07T00:00:00.000Z
GRX,Expat Greece ASE UCITS ETF,-2.498,21.92,26.76,-3.45,4.21,22.08,1y,,0.42,2.1275,2026-10-07T00:00:00.000Z
EQQD,Invesco NASDAQ-100 Swap UCITS ETF Dist,0.167,29.02,28.39,9.22,7.33,19.31,3y,19.31,1.11,83.76,2026-10-07T00:00:00.000Z
XEMD,BondBloxx JP Morgan USD Emerging Markets 1-10 Year Bond ETF,-0.791,25.91,29.23,1.81,2.88,19.23,3y,19.23,1.24,10.782,2026-10-07T00:00:00.000Z
G2X,VanEck Gold Miners UCITS ETF,-2.348,5.58,13.81,-9.78,15.96,36.9,3y,36.9,1.41,86.52,2026-10-07T00:00:00.000Z
IS4S,iShares Digital Security UCITS ETF USD (Acc),-0.046,40.67,32.2,13.74,12.23,20.5,3y,20.5,0.99,13.164,2026-10-07T00:00:00.000Z
XDED,Xtrackers S&P 500 Equal Weight UCITS ETF 2D,-0.188,14.23,14.27,1.13,0.52,13.79,3y,13.79,0.52,90.49,2026-10-07T00:00:00.000Z
CCNC,Onemarkets MSCI World Universal UCITS ETF,-0.018,12.43,12.43,3.51,2.87,13.66,SI,,0.62,11.398,2026-10-07T00:00:00.000Z
CBUF,iShares MSCI World UCITS ETF,1.927,8.1,12.25,4.34,2.9,14.38,3y,14.38,0.23,7.192,2026-10-07T00:00:00.000Z
XD5D,Xtrackers MSCI EMU UCITS ETF 1C USD Hedged,-0.173,15.51,19.64,0.62,0.55,14.95,1y,,0.74,92.22,2026-10-07T00:00:00.000Z
CEMA,iShares MSCI EM Asia UCITS ETF USD (Acc),-0.852,11.94,14.12,0.34,1.88,13.22,1y,,0.86,6.4488,2026-10-07T00:00:00.000Z
NQSE,iShares Nasdaq 100 UCITS ETF EUR Hedged Acc,,,,,,,,,,,2026-10-07T19:49:55.747Z
DXS3,Xtrackers S&P 500 Inverse Daily Swap UCITS ETF 1C,,,,,,,,,,,2026-10-07T19:49:55.776Z
QDVA,iShares Edge MSCI USA Momentum Factor UCITS ETF,,,,,,,,,,,2026-10-07T19:49:55.799Z
SELD,Amundi Stoxx Europe Select Dividend 30 UCITS ETF Dist,,,,,,,,,,,2026-10-07T19:49:55.827Z
XDEM,Xtrackers MSCI World Momentum UCITS ETF 1C,,,,,,,,,,,2026-10-07T19:49:55.856Z
2B76,iShares Automation & Robotics UCITS ETF,,,,,,,,,,,2026-10-07T19:49:55.888Z
U3O8,Sprott Uranium Miners UCITS ETF,4.973,-1.27,-8.23,-9.17,-4.57,52.09,1y,,0.04,11.06,2026-10-07T00:00:00.000Z
XDWD,Xtrackers MSCI World UCITS ETF 1C,0.295,17.92,19.86,4.27,5.03,12.36,1y,,0.29,144.415,2026-10-07T00:00:00.000Z
XWEV,X MSCI World Value ESG 1C,-0.018,27.59,31.99,1.48,5.79,16.29,1y,,0.09,55.56,2026-10-07T00:00:00.000Z
XUCM,Xtrackers MSCI USA Communication Services UCITS ETF 1D,-0.104,4.07,6.53,5.9,3.59,19.97,1y,,0.24,77.02,2026-10-07T00:00:00.000Z
XSXD,Xtrackers S&P 500 Swap UCITS ETF 1D,0.283,18.45,19.06,5.54,5.52,13.43,1y,,0.12,15.245,2026-10-07T00:00:00.000Z
XNKY,X Nikkei 225 Mutual Fund,-1.145,45.59,43.23,7.91,6.53,28.42,1y,,0.46,131.18,2026-10-07T00:00:00.000Z
XMOV,Xtrackers Future Mobility UCITS ETF 1C,-0.15,18.12,16.87,4.06,-3.58,26.52,1y,,0.46,119.96,2026-10-07T00:00:00.000Z
V3AA,Vanguard ESG Global All Cap UCITS ETF (USD) Accumulating,-0.139,18.71,20.46,2.45,3.38,16.55,1y,,0.22,7.918,2026-10-07T00:00:00.000Z
UBU3,UBS (Irl) ETF plc – MSCI USA UCITS ETF,0.298,18.64,18.84,5.52,5.02,14.25,1y,,0.13,168.565,2026-10-07T00:00:00.000Z
XEMC,iShares MSCI Emerging Markets ex China ETF,-1.315,28.47,26.8,1.94,2.78,26.97,1y,,0.25,50.27,2026-10-07T00:00:00.000Z
ZPRX,SPDR MSCI Europe Small Cap Value Weighted UCITS ETF,-1.207,9.03,14.37,-3.41,1.95,16.41,1y,,0.12,67.96,2026-10-07T00:00:00.000Z
AMES,Amundi IBEX 35 UCITS ETF Acc,-0.21,13.3,27.55,-3.23,-0.08,17.02,3y,17.02,0.09,498.65,2026-10-07T00:00:00.000Z
GERD,L&G Gerd Kommer Multifactor Equity UCITS ETF USD Accumulating,-0.198,16.31,18.62,-0.3,0.76,17.58,1y,,0.09,15.086,2026-10-07T00:00:00.000Z
H410,HSBC MSCI Emerging Markets UCITS ETF,-0.918,26.65,29.79,2.65,2.26,29.31,1y,,0.22,15.277,2026-10-07T00:00:00.000Z
IS3S,iShares Edge MSCI World Value Factor UCITS ETF USD (Dist),0.236,40.02,51.73,0.7,5,17.94,1y,,0.15,72.08,2026-10-07T00:00:00.000Z
5MVL,iShares Edge MSCI EM Value Factor UCITS ETF USD (Acc),-1.421,46.38,61.28,2.83,8.15,26.68,1y,,0.27,91.59,2026-10-07T00:00:00.000Z
5MVW,iShares MSCI World Energy Sector UCITS ETF USD (Dist),0.236,46.4,42.44,2.3,15.19,26.76,1y,,-0.12,8.904,2026-10-07T00:00:00.000Z
8RMY,Fidelity Future of European Defense Screened UCITS ETF,-3.135,2.73,-10.08,-3.69,-4.24,30.47,1y,,0.22,9.3,2026-10-07T00:00:00.000Z
IQSA,Invesco Global Active ESG Equity UCITS ETF Acc,-0.262,21.7,27.03,2.45,3.11,14.8,1y,,0.12,99.15,2026-10-07T00:00:00.000Z
IPRE,iShares European Property Yield UCITS ETF,0.06,-8.81,-11.6,-7.43,-14.01,20.59,1y,,0.13,4.185,2026-10-07T00:00:00.000Z
CBUC,iShares MSCI EM ESG Enhanced CTB UCITS ETF USD (Acc),0.415,10.89,9.95,1.23,2.2,16.89,1y,,0.14,7.747,2026-10-07T00:00:00.000Z
EGEE,iShares Emerging Markets Equity Enhanced Active UCITS ETF,-1.317,31.49,33.19,2.32,2.65,27.93,1y,,0.15,7.645,2026-10-07T00:00:00.000Z
EHDV,Invesco EURO STOXX High Dividend Low Volatility UCITS ETF,-1.078,7.57,13.48,-5.99,-2.43,16.82,1y,,0.08,34.4,2026-10-07T00:00:00.000Z
ELFA,Deka Euro Stoxx 50 ESG ETF,-0.644,4.73,7.34,-3.35,-1.53,19.17,1y,,0.12,138.92,2026-10-07T00:00:00.000Z
BUG,Global X Cybersecurity ETF,1.748,66.08,40.67,22.24,20.71,40.88,1y,,0.32,19.092,2026-10-07T00:00:00.000Z
CEMR,iShares Edge MSCI Europe Momentum Factor UCITS ETF,-0.675,7.38,11.53,-0.99,-1.52,19.61,1y,,0.14,15.59,2026-10-07T00:00:00.000Z
DBPG,Xtrackers S&P 500 2x Leveraged Daily Swap UCITS ETF 1C,0.682,29.97,34.01,6.61,8.72,31.99,3y,31.99,0.32,332.4,2026-10-07T00:00:00.000Z
CURE,Direxion Daily Healthcare Bull 3X ETF,-4.998,27.16,25.12,6.33,16.01,31.82,1y,,-0.06,23.95,2026-10-07T00:00:00.000Z
ESAP,BNP Paribas Easy S&P 500 UCITS ETF EUR C,0.898,19.61,20.57,5.57,2.58,37.79,1y,,0,27.308,2026-10-07T00:00:00.000Z
AYEW,iShares MSCI World Information Technology Sector Advanced UCITS ETF,0.05,38.88,37.73,10.94,12.15,25.93,1y,,0.37,19.896,2026-10-07T00:00:00.000Z
FGEQ,Fidelity Global Quality Income UCITS ETF INC-USD,-0.039,15.67,18.47,2.85,3.37,13.33,1y,,0.09,10.38,2026-10-07T00:00:00.000Z
BLOK,Amplify Blockchain Technology ETF,-0.052,11.75,11.75,0.8,2.28,28.88,SI,,0.06,47.83,2026-10-07T00:00:00.000Z
ESGP,HANetf Gold Miners Screened UCITS ETF (Acc),-0.192,13.19,11.52,-1.7,1.96,14.76,1y,,0.07,52,2026-10-07T00:00:00.000Z
ESIF,iShares MSCI Europe Financials Sector UCITS ETF EUR (Acc),-0.876,13.15,23.08,-5.77,-1.85,20.39,1y,,0.1,16.296,2026-10-07T00:00:00.000Z
EUDF,WisdomTree Europe Defence UCITS ETF EUR Acc,-2.955,-0.07,-9.69,-3.9,-3.71,29.39,1y,,0.46,29.555,2026-10-07T00:00:00.000Z
SPPW,SPDR MSCI World UCITS ETF,-0.171,17.77,19.45,3.65,4.43,13.39,1y,,0.23,47.991,2026-10-07T00:00:00.000Z
SPFH,State Street SPDR MSCI World UCITS ETF (Acc),0.474,12.9,14.55,1.06,2.53,15.96,1y,,0.13,16.424,2026-10-07T00:00:00.000Z
2B7B,iShares S&P 500 Materials Sector UCITS ETF USD (Acc),0.448,13.7,20.45,0.12,0.89,19.88,1y,,-0.18,9.861,2026-10-07T00:00:00.000Z
SPPE,SPDR S&P 500 EUR Hdg UCITS ETF (Acc),0.442,12.23,14.75,1.72,3.23,14.6,1y,,0.14,18.8605,2026-10-07T00:00:00.000Z
LGGA,L&G APAC ex-Japan Quality Dividends Equal Weight UCITS ETF USD Dist,-0.791,22.7,22.54,-0.88,4.24,24.73,1y,,-0.04,11.546,2026-10-07T00:00:00.000Z
2B77,iShares Ageing Population UCITS ETF,-0.633,11.72,16.84,-2.95,-2.21,16.44,1y,,0.03,9.111,2026-10-07T00:00:00.000Z
2B7D,iShares S&P 500 Consumer Staples Sector UCITS ETF,0.656,12.7,9.82,2.87,0.37,17.72,1y,,0.04,8.747,2026-10-07T00:00:00.000Z
SCWX,SC MSCI AC World ex 1C Fund,0.049,18.29,17.91,3.57,3.97,15.94,1y,,0.12,12.312,2026-10-07T00:00:00.000Z
JREZ,JPM Eurozone Research Enhanced Index Equity Active UCITS ETF EUR (acc),-1.112,10.29,13.65,-2.36,-2.06,18.57,1y,,0.11,44.475,2026-10-07T00:00:00.000Z
JRGD,JPMorgan Global Real Estate ESG UCITS ETF,0.07,17.18,18.91,3.44,4.45,13.23,1y,,0.11,56.82,2026-10-07T00:00:00.000Z
SPYT,Defiance S&P 500 Target Income ETF,-0.96,-2.12,-2.68,-5.03,-0.99,21.01,1y,,0.1,71.17,2026-10-07T00:00:00.000Z
SPYG,State Street SPDR Portfolio S&P 500 Growth ETF,0.026,9.06,13.02,-3.58,-1.62,15.51,3y,15.51,-0.02,15.136,2026-10-07T00:00:00.000Z
JREU,JPM US Research Enhanced Index Equity Active UCITS ETF USD (acc),0.218,19.24,19.11,5.05,5.34,14.34,1y,,0.16,69.05,2026-10-07T00:00:00.000Z
D5BK,Xtrackers FTSE Developed Europe Real Estate UCITS ETF 1C,0.426,-6.42,-4.73,-6.26,-9.61,18.31,3y,18.31,0.15,22.38,2026-10-07T00:00:00.000Z
XCS4,Xtrackers MSCI Thailand UCITS ETF 1C,-0.061,22.38,24.94,-2.08,-3.02,23.9,3y,23.9,-0.03,24.44,2026-10-07T00:00:00.000Z
5ESG,UBS ETF S&P 500 ESG GBP Distributing,0.154,19.34,23.5,4.56,6.79,16.55,3y,16.55,0.14,97.7,2026-10-07T00:00:00.000Z
EXXX,iShares ATX UCITS ETF (DE),-0.47,26.7,43.12,-2.81,3.39,17.18,3y,17.18,0.14,71.93,2026-10-07T00:00:00.000Z
XDUK,Xtrackers FTSE 100 UCITS ETF 1C,-0.448,10.46,16.84,-1.33,1.83,14.54,3y,14.54,0.07,20.02,2026-10-07T00:00:00.000Z
D5BI,Xtrackers MSCI Mexico UCITS ETF 1C,0.884,10.32,21.37,-1.26,-0.47,24.93,3y,24.93,-0.01,7.758,2026-10-07T00:00:00.000Z
2848,Xtrackers MSCI Korea UCITS ETF 1C,,,,,,,,,,,2026-10-07T19:50:05.638Z
SYGEU,Db X-trackers Dj Euro Stoxx 50 UCITS ETF,,,,,,,,,,,2026-10-07T19:50:05.675Z
490600,Kb Rise US Dividend 100 Ucits ETF,,,,,,,,,,,2026-10-07T19:50:05.706Z
CEMAN,iShares VII Public Limited Company - iShares MSCI EM Asia UCITS ETF,,,,,,,,,,,2026-10-07T19:50:05.747Z
CEUUN,iShares VII plc - iShares Core MSCI EMU UCITS ETF,,,,,,,,,,,2026-10-07T19:50:05.793Z
IMEAXN,Ishares II PLC - Ishares Core Msci Europe Ucits ETF,,,,,,,,,,,2026-10-07T19:50:05.832Z
CSPXXN,iShares VII Public Limited Company - iShares Core S&P 500 UCITS ETF,,,,,,,,,,,2026-10-07T19:50:05.871Z
XDWU,Xtrackers MSCI World Utilities UCITS ETF 1C,,,,,,,,,,,2026-10-07T19:50:05.908Z
XCS7,Xtrackers MSCI China UCITS ETF 1D,,,,,,,,,,,2026-10-07T19:50:05.949Z
XDNE,Xtrackers MSCI Japan Screened UCITS ETF 3C EUR Hedged,,,,,,,,,,,2026-10-07T19:50:06.016Z
XDND,Xtrackers MSCI North America High Dividend Yield UCITS ETF 1C,,,,,,,,,,,2026-10-07T19:50:06.058Z
XDEV,Xtrackers MSCI World Value UCITS ETF 1C,,,,,,,,,,,2026-10-07T19:50:06.110Z
XDEQ,Xtrackers MSCI World Quality UCITS ETF 1C,,,,,,,,,,,2026-10-07T19:50:06.148Z
540J,Amundi MSCI Switzerland UCITS ETF EUR (C),,,,,,,,,,,2026-10-07T19:50:06.189Z
3SUE,iShares Core MSCI World UCITS ETF USD (Acc),,,,,,,,,,,2026-10-07T19:50:06.232Z
XMCX,Xtrackers FTSE 250 UCITS ETF 1D,,,,,,,,,,,2026-10-07T19:50:06.280Z
AIAA,iShares AI Adopters & Applications UCITS ETF USD (Acc),,,,,,,,,,,2026-10-07T19:50:06.317Z
XWD1,Xtrackers MSCI World Swap UCITS ETF 1D,,,,,,,,,,,2026-10-07T19:50:06.347Z
4UBF,UBS BBG MSCI Euro Area Liquid Corp Sustainable UCITS ETF hCHF acc,,,,,,,,,,,2026-10-07T19:50:06.379Z
XSWC,Xtrackers MSCI World Small Cap UCITS ETF 1C,,,,,,,,,,,2026-10-07T19:50:06.421Z
2B70,iShares Nasdaq US Biotechnology UCITS ETF,,,,,,,,,,,2026-10-07T19:50:06.458Z
2B78,iShares Healthcare Innovation UCITS ETF USD (Acc),,,,,,,,,,,2026-10-07T19:50:06.492Z
IUSN,iShares MSCI World Small Cap UCITS ETF,,,,,,,,,,,2026-10-07T19:50:06.519Z
INDU,WisdomTree Industrial Metals,,,,,,,,,,,2026-10-07T19:50:06.546Z
IQQD,iShares UK Dividend UCITS ETF,,,,,,,,,,,2026-10-07T19:50:06.578Z
QJUN,FT Vest Nasdaq-100 Buffer ETF - June,,,,,,,,,,,2026-10-07T19:50:06.618Z
S5SD,UBS S&P 500 Scored & Screened UCITS ETF hCHF acc,,,,,,,,,,,2026-10-07T19:50:06.658Z
SNPE,Xtrackers S&P 500 Scored & Screened ETF,,,,,,,,,,,2026-10-07T19:50:06.689Z
SPYD,SPDR Portfolio S&P 500 High Dividend ETF,,,,,,,,,,,2026-10-07T19:50:06.728Z
MEGA,WisdomTree Physical Crypto Mega Cap Equal Weight,,,,,,,,,,,2026-10-07T19:50:06.759Z
MWOQ,Amundi S&P 500 Equal Weight ESG UCITS ETF EUR Hedged Acc,,,,,,,,,,,2026-10-07T19:50:06.797Z
H4ZA,HSBC EURO STOXX 50 UCITS ETF,,,,,,,,,,,2026-10-07T19:50:06.829Z
EDM6,iShares MSCI Europe ESG Enhanced CTB UCITS ETF EUR (Acc),,,,,,,,,,,2026-10-07T19:50:06.865Z
ESEH,BNP Paribas Easy S&P 500 UCITS ETF EUR Hedged,,,,,,,,,,,2026-10-07T19:50:06.896Z
ESIN,iShares MSCI Europe Industrials Sector UCITS ETF EUR (Acc),,,,,,,,,,,2026-10-07T19:50:06.927Z
EMSM,Invesco MSCI Emerging Markets UCITS ETF,,,,,,,,,,,2026-10-07T19:50:06.958Z
CHSE,UBS EURO STOXX 50 ESG UCITS ETF EUR acc,,,,,,,,,,,2026-10-07T19:50:06.999Z
DXSE,Xtrackers MSCI Europe Health Care Screened UCITS ETF 1C,,,,,,,,,,,2026-10-07T19:50:07.031Z
DFSV,Dimensional US Small Cap Value ETF,,,,,,,,,,,2026-10-07T19:50:07.066Z
VGWD,Vanguard FTSE All-World High Dividend Yield UCITS ETF (USD) Distributing,,,,,,,,,,,2026-10-07T19:50:07.118Z
VFEA,Vanguard FTSE Emerging Markets UCITS ETF (USD) Accumulating,,,,,,,,,,,2026-10-07T19:50:07.180Z
EUNN,iShares Core MSCI Japan IMI UCITS ETF,,,,,,,,,,,2026-10-07T19:50:07.217Z
EWQA,Invesco NASDAQ-100 Equal Weight UCITS ETF Acc,,,,,,,,,,,2026-10-07T19:50:07.270Z
EXH1,iShares STOXX Europe 600 Oil & Gas UCITS ETF (DE),,,,,,,,,,,2026-10-07T19:50:07.314Z
KROP,Global X AgTech & Food Innovation ETF,-1.041,16.34,12.98,-7.6,2.73,18.51,3y,18.51,0.49,35.75,2026-10-07T00:00:00.000Z
159123,Xtrackers Harvest CSI 300 UCITS ETF 1D,,,,,,,,,,,2026-10-07T19:50:07.531Z
159022,State Street SPDR MSCI All Country World Investable Market UCITS ETF USD Unhedged (Acc),,,,,,,,,,,2026-10-07T19:50:07.568Z
159008,Amundi S&P World Health Care Screened UCITS ETF Acc,,,,,,,,,,,2026-10-07T19:50:07.597Z
560210,Amundi MSCI USA Screened UCITS ETF Acc,,,,,,,,,,,2026-10-07T19:50:07.627Z
XDJE,Xtrackers Nikkei 225 UCITS ETF 2D EUR Hedged,1.657,41.25,78,8.32,3.67,28.95,1y,,1.59,107.96,2026-10-06T00:00:00.000Z